NAWQA_ID,DATE,TIME,11DCP-RMK,11DCP-VA,14DIO-RMK,14DIO-VA,22DCTF-RMK,22DCTF-VA,2NP-RMK,2NP-VA,CDFM-RMK,CDFM-VA,DCFM-RMK,DCFM-VA,DMM-RMK,DMM-VA,HCCP-RMK,HCCP-VA,HX-RMK,HX-VA,IP-RMK,IP-VA,NB-RMK,NB-VA,NNDA-RMK,NNDA-VA,1112TCA-RMK,1112TCA-VA,111TCA-RMK,111TCA-VA,112TCE-RMK,112TCE-VA,11DCA-RMK,11DCA-VA,11DCE-RMK,11DCE-VA,123TCP-RMK,123TCP-VA,124TCB-RMK,124TCB-VA,12DBCP-RMK,12DBCP-VA,12DBM-RMK,12DBM-VA,12DCB-RMK,12DCB-VA,12DCA-RMK,12DCA-VA,12DCP-RMK,12DCP-VA,14DCB-RMK,14DCB-VA,BCM-RMK,BCM-VA,BDCM-RMK,BDCM-VA,BM-RMK,BM-VA,CM-RMK,CM-VA,CISDCE-RMK,CISDCE-VA,CISDCP-RMK,CISDCP-VA,DBCM-RMK,DBCM-VA,EB-RMK,EB-VA,NAP-RMK,NAP-VA,NPB-RMK,NPB-VA,SBB-RMK,SBB-VA,STY-RMK,STY-VA,MTBE-RMK,MTBE-VA,PCE-RMK,PCE-VA,PCM-RMK,PCM-VA,TRDCE-RMK,TRDCE-VA,TRDCP-RMK,TRDCP-VA,TBM-RMK,TBM-VA,TCE-RMK,TCE-VA,TCM-RMK,TCM-VA,VC-RMK,VC-VA,13BD-RMK,13BD-VA,2EEA-RMK,2EEA-VA,2POL-RMK,2POL-VA,AT-RMK,AT-VA,BUTL-RMK,BUTL-VA,CPIC-RMK,CPIC-VA,TRCA-RMK,TRCA-VA,1234TN-RMK,1234TN-VA,12DCTFA-RMK,12DCTFA-VA,13DIOX-RMK,13DIOX-VA,1BUTOL-RMK,1BUTOL-VA,1CDFA-RMK,1CDFA-VA,1MPB-RMK,1MPB-VA,1OCOL-RMK,1OCOL-VA,26DNH-RMK,26DNH-VA,2EHEX-RMK,2EHEX-VA,2MPA-RMK,2MPA-VA,4MPOL-RMK,4MPOL-VA,5MHEX-RMK,5MHEX-VA,BUTA-RMK,BUTA-VA,IACE-RMK,IACE-VA,NPENAL-RMK,NPENAL-VA,PACE-RMK,PACE-VA
MIAMSUS1-02,7/1/2019,1100,<,0.24,<,0.2,<,0.025,<,0.12,<,0.04,<,0.05,<,0.044,<,10.0,<,0.068,<,2.4,<,1.4,<,6.2,<,0.04,<,0.03,<,0.046,<,0.044,<,0.025,<,0.006,<,0.08,<,0.02,<,0.004,<,0.028,<,0.08,<,0.004,<,0.026,<,0.06,<,0.034,<,0.2,<,0.2,<,0.025,<,0.1,<,0.12,<,0.036,<,0.26,<,0.036,<,0.034,<,0.042,<,0.01,<,0.058,<,0.06,<,0.025,<,0.1,<,0.14,<,0.025,<,0.03,<,0.06,<,0.08,<,5.4,<,7.8,<,2,<,0.38,<,0.14,<,2.6,<,0.08,<,0.03,<,0.38,<,0.8,<,0.08,<,0.9,<,1.8,<,0.032,<,4.4,<,0.028,<,0.2,<,0.022,<,0.08,<,0.01,<,0.054,<,0.032
MIAMSUS1-14,7/30/2019,1200,<,0.24,<,0.2,<,0.025,<,0.12,<,0.04,<,0.05,<,0.044,<,10.0,<,0.068,<,2.4,<,1.4,<,6.2,<,0.04,,0.032,<,0.046,<,0.044,<,0.025,<,0.006,<,0.08,<,0.02,<,0.004,<,0.028,<,0.08,<,0.004,<,0.026,<,0.06,<,0.034,<,0.2,<,0.2,<,0.025,<,0.1,<,0.12,<,0.036,<,0.26,<,0.036,<,0.034,<,0.042,<,0.01,<,0.058,<,0.06,<,0.025,<,0.1,<,0.14,<,0.025,<,0.03,<,0.06,<,0.08,<,5.4,<,7.8,<,2,<,0.38,<,0.14,<,2.6,<,0.08,<,0.03,<,0.38,<,0.8,<,0.08,<,0.9,<,1.8,<,0.032,<,4.4,<,0.028,<,0.2,<,0.022,<,0.08,<,0.01,<,0.054,<,0.032
MIAMSUS1-17,8/5/2019,1100,<,0.24,<,0.2,<,0.025,<,0.12,<,0.04,<,0.05,<,0.044,<,10.0,<,0.068,<,2.4,<,1.4,<,6.2,<,0.04,<,0.03,<,0.046,<,0.044,<,0.025,<,0.006,<,0.08,<,0.02,<,0.004,<,0.028,<,0.08,<,0.004,<,0.026,<,0.06,<,0.034,<,0.2,<,0.2,<,0.025,<,0.1,<,0.12,<,0.036,<,0.26,<,0.036,<,0.034,<,0.042,<,0.01,<,0.058,<,0.06,<,0.025,<,0.1,<,0.14,<,0.025,<,0.03,<,0.06,<,0.08,<,5.4,<,7.8,<,2,<,0.38,<,0.14,<,2.6,<,0.08,<,0.03,<,0.38,<,0.8,<,0.08,<,0.9,<,1.8,<,0.032,<,4.4,<,0.028,<,0.2,<,0.022,<,0.08,<,0.01,<,0.054,<,0.032
MIAMSUS1-25,9/23/2019,1100,<,0.24,<,0.2,<,0.025,<,0.12,<,0.04,<,0.05,<,0.044,<,10.0,<,0.068,<,2.4,<,1.4,<,6.2,<,0.04,<,0.03,<,0.046,<,0.044,<,0.025,<,0.006,<,0.08,<,0.02,<,0.004,<,0.028,<,0.08,<,0.004,<,0.026,<,0.06,<,0.034,<,0.2,<,0.2,<,0.025,<,0.1,<,0.12,<,0.036,<,0.26,<,0.036,<,0.034,<,0.042,<,0.01,<,0.058,<,0.06,<,0.025,<,0.1,<,0.14,<,0.025,<,0.03,<,0.06,<,0.08,<,5.4,<,7.8,<,2,<,0.38,<,0.14,<,2.6,<,0.08,<,0.03,<,0.38,<,0.8,<,0.08,<,0.9,<,1.8,<,0.032,<,4.4,<,0.028,<,0.2,<,0.022,<,0.08,<,0.01,<,0.054,<,0.032
MISESUS4-07,7/16/2019,1130,<,0.24,<,0.2,<,0.025,<,0.12,<,0.04,<,0.05,<,0.044,<,10.0,<,0.068,<,2.4,<,1.4,<,6.2,<,0.04,<,0.03,<,0.046,<,0.044,<,0.025,<,0.006,<,0.08,<,0.02,<,0.004,<,0.028,<,0.08,<,0.004,<,0.026,<,0.06,<,0.034,<,0.2,<,0.2,<,0.025,<,0.1,<,0.12,<,0.036,<,0.26,<,0.036,<,0.034,<,0.042,<,0.01,<,0.058,<,0.06,<,0.025,<,0.1,<,0.14,<,0.025,<,0.03,<,0.06,<,0.08,<,5.4,<,7.8,<,2,<,0.38,<,0.14,<,2.6,<,0.08,<,0.03,<,0.38,<,0.8,<,0.08,<,0.9,<,1.8,<,0.032,<,4.4,<,0.028,<,0.2,<,0.022,<,0.08,<,0.01,<,0.054,<,0.032
MISESUS4-11,8/29/2019,1100,<,0.24,<,0.2,<,0.02,<,0.12,<,0.04,<,0.05,<,0.04,<,10.0,<,0.06,<,2.4,<,1.4,<,6.2,<,0.04,<,0.03,<,0.04,<,0.04,<,0.02,<,0.006,<,0.08,<,0.02,<,0.004,<,0.02,<,0.08,<,0.004,<,0.02,<,0.06,<,0.03,<,0.2,<,0.2,<,0.02,<,0.1,<,0.12,<,0.03,<,0.26,<,0.03,<,0.03,<,0.04,<,0.01,<,0.05,<,0.06,<,0.02,<,0.1,<,0.14,<,0.02,<,0.03,<,0.06,<,0.08,<,5.4,<,7.8,<,2,<,0.38,<,0.14,<,2.6,<,0.08,<,0.03,<,0.38,<,0.8,<,0.08,<,0.9,<,1.8,<,0.03,<,4.4,<,0.02,<,0.2,<,0.02,<,0.08,<,0.01,<,0.05,<,0.03
MISESUS4-14,5/8/2019,1000,<,0.24,<,0.2,<,0.025,<,0.12,<,0.04,<,0.05,<,0.044,<,10.0,<,0.068,<,2.4,<,1.4,<,6.2,<,0.04,<,0.03,<,0.046,<,0.044,<,0.025,<,0.006,<,0.08,<,0.02,<,0.004,<,0.028,<,0.08,<,0.004,<,0.026,<,0.06,<,0.034,<,0.2,<,0.2,<,0.025,<,0.1,<,0.12,<,0.036,<,0.26,<,0.036,<,0.034,<,0.042,<,0.01,<,0.058,<,0.06,<,0.025,<,0.1,<,0.14,<,0.025,<,0.7,<,0.06,<,0.08,<,5.4,<,7.8,<,2,<,0.38,<,0.14,<,2.6,<,0.08,<,0.03,<,0.38,<,0.8,<,0.08,<,0.9,<,1.8,<,0.032,<,4.4,<,0.028,<,0.2,<,0.022,<,0.08,<,0.01,<,0.054,<,0.032
MISESUS4-20,6/6/2019,1130,<,0.24,<,0.2,<,0.025,<,0.12,<,0.04,<,0.05,<,0.044,<,10.0,<,0.068,<,2.4,<,1.4,<,6.2,<,0.04,<,0.03,<,0.046,<,0.044,<,0.025,<,0.006,<,0.08,<,0.02,<,0.004,<,0.028,<,0.08,<,0.004,<,0.026,<,0.06,<,0.034,<,0.2,<,0.2,<,0.025,<,0.1,<,0.12,<,0.036,<,0.26,<,0.036,<,0.034,<,0.042,<,0.01,<,0.058,<,0.06,<,0.025,<,0.1,<,0.14,<,0.025,<,0.02,<,0.06,<,0.08,<,5.4,<,7.8,<,2,<,0.38,<,0.14,<,2.6,<,0.08,<,0.03,<,0.38,<,0.8,<,0.08,<,0.9,<,1.8,<,0.032,<,4.4,<,0.028,<,0.2,<,0.022,<,0.08,<,0.01,<,0.054,<,0.032
MISESUS4-24,6/13/2019,1030,<,0.24,<,0.2,<,0.025,<,0.12,<,0.04,<,0.05,<,0.044,<,10.0,<,0.068,<,2.4,<,1.4,<,6.2,<,0.04,<,0.03,<,0.046,<,0.044,<,0.025,<,0.006,<,0.08,<,0.02,<,0.004,<,0.028,<,0.08,<,0.004,<,0.026,<,0.06,<,0.034,<,0.2,<,0.2,<,0.025,<,0.1,<,0.12,<,0.036,<,0.26,<,0.036,<,0.034,<,0.042,<,0.01,<,0.058,<,0.06,<,0.025,<,0.1,<,0.14,<,0.025,<,0.7,<,0.06,<,0.08,<,5.4,<,7.8,<,2,<,0.38,<,0.14,<,2.6,<,0.08,<,0.03,<,0.38,<,0.8,<,0.08,<,0.9,<,1.8,<,0.032,<,4.4,<,0.028,<,0.2,<,0.022,<,0.08,<,0.01,<,0.054,<,0.032
MOBLSUS1-03,8/12/2019,1200,<,0.24,<,0.2,<,0.02,<,0.12,<,0.04,<,0.05,<,0.04,<,10.0,<,0.06,<,2.4,<,1.4,<,6.2,<,0.04,<,0.03,<,0.04,<,0.04,<,0.02,<,0.006,<,0.08,<,0.02,<,0.004,<,0.02,<,0.08,<,0.004,<,0.02,<,0.06,<,0.03,<,0.2,<,0.2,<,0.02,<,0.1,<,0.12,<,0.03,<,0.26,<,0.03,<,0.03,<,0.04,<,0.01,<,0.05,<,0.06,<,0.02,<,0.1,<,0.14,<,0.02,<,0.03,<,0.06,<,0.08,<,5.4,<,7.8,<,2,<,0.38,<,0.14,<,2.6,<,0.08,<,0.03,<,0.38,<,0.8,<,0.08,<,0.9,<,1.8,<,0.03,<,4.4,<,0.02,<,0.2,<,0.02,<,0.08,<,0.01,<,0.05,<,0.03
MOBLSUS1-09,6/25/2019,1300,<,0.24,<,0.2,<,0.025,<,0.12,<,0.04,<,0.05,<,0.044,<,10.0,<,0.068,<,2.4,<,1.4,<,6.2,<,0.04,<,0.03,<,0.046,<,0.044,<,0.025,<,0.006,<,0.08,<,0.02,<,0.004,<,0.028,<,0.08,<,0.004,<,0.026,<,0.06,<,0.034,<,0.2,<,0.2,<,0.025,<,0.1,<,0.12,<,0.036,<,0.26,<,0.036,<,0.034,<,0.042,<,0.01,<,0.058,<,0.06,<,0.025,<,0.1,<,0.14,<,0.025,<,0.03,<,0.06,<,0.08,<,5.4,<,7.8,<,2,<,0.38,<,0.14,<,2.6,<,0.08,<,0.03,<,0.38,<,0.8,<,0.08,<,0.9,<,1.8,<,0.032,<,4.4,<,0.028,<,0.2,<,0.022,<,0.08,<,0.01,<,0.054,<,0.032
MOBLSUS1-10,7/10/2019,1300,<,0.24,<,0.2,<,0.025,<,0.12,<,0.04,<,0.05,<,0.044,<,10.0,<,0.068,<,2.4,<,1.4,<,6.2,<,0.04,<,0.03,<,0.046,<,0.044,<,0.025,<,0.006,<,0.08,<,0.02,<,0.004,<,0.028,<,0.08,<,0.004,<,0.026,<,0.06,<,0.034,<,0.2,<,0.2,<,0.025,<,0.1,<,0.12,<,0.036,<,0.26,<,0.036,<,0.034,,0.146,<,0.01,<,0.058,<,0.06,<,0.025,<,0.1,<,0.14,<,0.025,<,0.4,<,0.06,<,0.08,<,5.4,<,7.8,<,2,<,0.38,<,0.14,<,2.6,<,0.08,<,0.03,<,0.38,<,0.8,<,0.08,<,0.9,<,1.8,<,0.032,<,4.4,<,0.028,<,0.2,<,0.022,<,0.08,<,0.01,<,0.054,<,0.032
MOBLSUS1-20,8/15/2019,1100,<,0.24,<,0.2,<,0.025,<,0.12,<,0.04,<,0.05,<,0.044,<,10.0,<,0.068,<,2.4,<,1.4,<,6.2,<,0.04,<,0.03,<,0.046,<,0.044,<,0.025,<,0.006,<,0.08,<,0.02,<,0.004,<,0.028,<,0.08,<,0.004,<,0.026,<,0.06,<,0.034,<,0.2,<,0.2,<,0.025,<,0.1,<,0.12,<,0.036,<,0.26,<,0.036,<,0.034,<,0.042,<,0.01,<,0.058,<,0.06,<,0.025,<,0.1,<,0.14,<,0.025,<,0.03,<,0.06,<,0.08,<,5.4,<,7.8,<,2,<,0.38,<,0.14,<,2.6,<,0.08,<,0.03,<,0.38,<,0.8,<,0.08,<,0.9,<,1.8,<,0.032,<,4.4,<,0.028,<,0.2,<,0.022,<,0.08,<,0.01,<,0.054,<,0.032
MOBLSUS1-30,11/13/2019,1300,<,0.24,<,0.2,<,0.025,<,0.12,<,0.04,<,0.05,<,0.044,,,<,0.068,<,2.4,<,1.4,<,5.2,<,0.04,<,0.03,<,0.046,<,0.044,<,0.025,<,0.006,<,0.08,<,0.02,<,0.004,<,0.028,<,0.08,<,0.004,<,0.026,<,0.06,<,0.034,<,0.2,<,0.2,<,0.025,<,0.1,<,0.12,<,0.036,<,0.26,<,0.036,<,0.034,<,0.042,<,0.01,<,0.058,<,0.06,<,0.025,<,0.1,<,0.14,<,0.025,<,0.03,<,0.06,<,0.08,<,5.4,<,7.8,<,2,<,0.38,,,<,2.6,<,0.08,<,0.03,<,0.38,<,0.8,<,0.08,<,0.4,<,1.8,<,0.032,<,4.4,<,0.028,<,0.2,<,0.022,<,0.08,<,0.01,<,0.054,<,0.032
NECBLUSRC1-01,7/9/2019,1100,<,0.24,<,0.2,<,0.025,<,0.12,<,0.04,<,0.05,<,0.044,<,10.0,<,0.068,<,2.4,<,1.4,<,6.2,<,0.04,<,0.03,<,0.046,<,0.044,<,0.025,<,0.006,<,0.08,<,0.02,<,0.004,<,0.028,<,0.08,<,0.004,<,0.026,<,0.06,<,0.034,<,0.2,<,0.2,<,0.025,<,0.1,<,0.12,<,0.036,<,0.26,<,0.036,<,0.034,<,0.042,<,0.01,<,0.058,<,0.06,<,0.025,<,0.1,<,0.14,<,0.025,<,0.03,<,0.06,<,0.08,<,5.4,<,7.8,<,2,<,0.38,<,0.14,<,2.6,<,0.08,<,0.03,<,0.38,<,0.8,<,0.08,<,0.9,<,1.8,<,0.032,<,4.4,<,0.028,<,0.2,<,0.022,<,0.08,<,0.01,<,0.054,<,0.032
NECBLUSRC1-02,6/4/2019,1100,<,0.24,<,0.2,<,0.025,<,0.12,<,0.04,<,0.05,<,0.044,<,10.0,<,0.068,<,2.4,<,1.4,<,6.2,<,0.04,<,0.03,<,0.046,<,0.044,<,0.025,<,0.006,<,0.08,<,0.02,<,0.004,<,0.028,<,0.08,<,0.004,<,0.026,<,0.06,<,0.034,<,0.2,<,0.2,<,0.025,<,0.1,<,0.12,<,0.036,<,0.26,<,0.036,<,0.034,<,0.042,<,0.01,<,0.058,<,0.06,<,0.025,<,0.1,<,0.14,<,0.025,<,0.03,<,0.06,<,0.08,<,5.4,<,7.8,<,2,<,0.38,<,0.14,<,2.6,<,0.08,<,0.03,<,0.38,<,0.8,<,0.08,<,0.9,<,1.8,<,0.032,<,4.4,<,0.028,<,0.2,<,0.022,<,0.08,<,0.01,<,0.054,<,0.032
NECBLUSRC1-04,6/5/2019,1300,<,0.24,<,0.2,<,0.025,<,0.12,<,0.04,<,0.05,<,0.044,<,10.0,<,0.068,<,2.4,<,1.4,<,6.2,<,0.04,<,0.03,<,0.046,<,0.044,<,0.025,<,0.006,<,0.08,<,0.02,<,0.004,<,0.028,<,0.08,<,0.004,<,0.026,<,0.06,<,0.43,<,0.2,<,0.2,<,0.025,<,0.1,<,0.12,<,0.036,<,0.26,<,0.036,<,0.034,<,0.042,<,0.01,n,0.036,<,0.06,<,0.025,<,0.1,<,0.14,<,0.025,<,69.0,<,0.06,<,0.08,<,5.4,<,7.8,<,2,<,0.38,<,0.14,<,2.6,<,0.08,<,0.03,<,0.38,<,0.8,<,0.08,<,0.9,<,1.8,<,0.032,<,4.4,<,0.028,<,0.2,<,0.022,<,0.08,<,0.01,<,0.054,<,0.032
NECBLUSRC1-05,6/6/2019,1100,<,0.24,<,0.2,<,0.025,<,0.12,<,0.04,<,0.05,<,0.044,<,10.0,<,0.068,<,2.4,<,1.4,<,6.2,<,0.04,<,0.03,<,0.046,<,0.044,<,0.025,<,0.006,<,0.08,<,0.02,<,0.004,<,0.028,<,0.08,<,0.004,<,0.026,<,0.06,<,0.034,<,0.2,<,0.2,<,0.025,<,0.1,<,0.12,<,0.036,<,0.26,<,0.036,<,0.034,<,0.042,<,0.01,<,0.058,<,0.06,<,0.025,<,0.1,<,0.14,<,0.025,<,0.03,<,0.06,<,0.08,<,5.4,<,7.8,<,2,<,0.38,<,0.14,<,2.6,<,0.08,<,0.03,<,0.38,<,0.8,<,0.08,<,0.9,<,1.8,<,0.032,<,4.4,<,0.028,<,0.2,<,0.022,<,0.08,<,0.01,<,0.054,<,0.032
NECBLUSRC1-06,6/10/2019,1100,<,0.24,<,0.2,<,0.025,<,0.12,<,0.04,<,0.05,<,0.044,<,10.0,<,0.068,<,2.4,<,1.4,<,6.2,<,0.04,<,0.03,<,0.046,<,0.044,<,0.025,<,0.006,<,0.08,<,0.02,<,0.004,<,0.028,<,0.08,<,0.004,<,0.026,<,0.06,<,0.034,<,0.2,<,0.2,<,0.025,<,0.1,<,0.12,<,0.036,<,0.26,<,0.036,<,0.034,<,0.042,<,0.01,<,0.058,<,0.06,<,0.025,<,0.1,<,0.14,<,0.025,<,69.0,<,0.06,<,0.08,<,5.4,<,7.8,<,2,<,0.38,<,0.14,<,2.6,<,0.08,<,0.03,<,0.38,<,0.8,<,0.08,<,0.9,<,1.8,<,0.032,<,4.4,<,0.028,<,0.2,<,0.022,<,0.08,<,0.01,<,0.054,<,0.032
NECBLUSRC1-07,6/11/2019,1100,<,0.24,<,0.2,<,0.025,<,0.12,<,0.04,<,0.05,<,0.044,<,10.0,<,0.068,<,2.4,<,1.4,<,6.2,<,0.04,,0.033,<,0.046,t,0.011,<,0.025,<,0.006,<,0.08,<,0.02,<,0.004,<,0.028,<,0.08,<,0.004,<,0.026,<,0.06,<,0.43,<,0.2,<,0.2,<,0.025,<,0.1,t,0.04,<,0.036,<,0.26,<,0.036,<,0.034,<,0.042,,0.23,<,0.058,<,0.06,<,0.025,<,0.1,n,0.08,<,0.025,<,69.0,<,0.06,<,0.08,<,5.4,<,7.8,<,2,<,0.38,<,0.14,<,2.6,<,0.08,<,0.03,<,0.38,<,0.8,<,0.08,<,0.9,<,1.8,<,0.032,<,4.4,<,0.028,<,0.2,<,0.022,<,0.08,<,0.01,<,0.054,<,0.032
NECBLUSRC1-08,6/11/2019,1300,<,0.24,<,0.2,<,0.025,<,0.12,n,0.03,<,0.05,<,0.044,<,10.0,<,0.068,<,2.4,<,1.4,<,6.2,<,0.04,<,0.03,<,0.046,<,0.044,<,0.025,<,0.006,<,0.08,<,0.02,<,0.004,<,0.028,<,0.08,<,0.004,<,0.026,<,0.06,<,0.034,<,0.2,<,0.2,<,0.025,<,0.1,<,0.12,<,0.036,<,0.26,<,0.036,<,0.034,<,0.042,<,0.01,<,0.058,<,0.06,<,0.025,<,0.1,<,0.14,<,0.025,<,69.0,<,0.06,<,0.08,<,5.4,<,7.8,<,2,<,0.38,<,0.14,<,2.6,<,0.08,<,0.03,<,0.38,<,0.8,<,0.08,<,0.9,<,1.8,<,0.032,<,4.4,<,0.028,<,0.2,<,0.022,<,0.08,<,0.01,<,0.054,<,0.032
NECBLUSRC1-09,6/12/2019,1100,<,0.24,<,0.2,<,0.025,<,0.12,<,0.04,<,0.05,<,0.044,<,10.0,<,0.068,<,2.4,<,1.4,<,6.2,<,0.04,<,0.03,<,0.046,<,0.044,<,0.025,<,0.006,<,0.08,<,0.02,<,0.004,<,0.028,<,0.08,<,0.004,<,0.026,<,0.06,<,0.034,<,0.2,<,0.2,<,0.025,<,0.1,<,0.12,<,0.036,<,0.26,<,0.036,<,0.034,<,0.042,<,0.01,<,0.058,<,0.06,<,0.025,<,0.1,<,0.14,<,0.025,<,69.0,<,0.06,<,0.08,<,5.4,<,7.8,<,2,<,0.38,<,0.14,<,2.6,<,0.08,<,0.03,<,0.38,<,0.8,<,0.08,<,0.9,<,1.8,<,0.032,<,4.4,<,0.028,<,0.2,<,0.022,<,0.08,<,0.01,<,0.054,<,0.032
NECBLUSRC1-10,6/12/2019,1300,<,0.24,<,0.2,<,0.025,<,0.12,,0.06,t,0.01,<,0.044,<,10.0,<,0.068,<,2.4,<,1.4,<,6.2,<,0.04,<,0.03,<,0.046,<,0.044,<,0.025,<,0.006,<,0.08,<,0.02,<,0.004,<,0.028,<,0.08,<,0.004,<,0.026,<,0.06,<,0.034,<,0.2,<,0.2,,0.03,<,0.1,<,0.12,<,0.036,<,0.26,<,0.036,<,0.034,<,0.042,,0.52,<,0.058,<,0.06,<,0.025,<,0.1,<,0.14,n,0.012,<,0.03,<,0.06,<,0.08,<,5.4,<,7.8,<,2,<,0.38,<,0.14,<,2.6,<,0.08,<,0.03,<,0.38,<,0.8,<,0.08,<,0.9,<,1.8,<,0.032,<,4.4,<,0.028,<,0.2,<,0.022,n,0.049,<,0.01,<,0.054,<,0.032
NECBLUSRC1-11,6/13/2019,1100,<,0.24,<,0.2,<,0.025,<,0.12,<,0.04,<,0.05,<,0.044,<,10.0,<,0.068,<,2.4,<,1.4,<,6.2,<,0.04,<,0.03,<,0.046,<,0.044,<,0.025,<,0.006,<,0.08,<,0.02,<,0.004,<,0.028,<,0.08,<,0.004,<,0.026,<,0.06,<,0.034,<,0.2,<,0.2,<,0.025,<,0.1,<,0.12,<,0.036,<,0.26,<,0.036,<,0.034,<,0.042,<,0.01,<,0.058,<,0.06,<,0.025,<,0.1,<,0.14,<,0.025,<,69.0,<,0.06,<,0.08,<,5.4,<,7.8,<,2,<,0.38,<,0.14,<,2.6,<,0.08,<,0.03,<,0.38,<,0.8,<,0.08,<,0.9,<,1.8,<,0.032,<,4.4,<,0.028,<,0.2,<,0.022,<,0.08,<,0.01,<,0.054,<,0.032
NECBLUSRC1-12,6/17/2019,1100,<,0.24,<,0.2,<,0.025,<,0.12,<,0.04,<,0.05,<,0.044,<,10.0,<,0.068,<,2.4,<,1.4,<,6.2,<,0.04,<,0.03,<,0.046,<,0.044,<,0.025,<,0.006,<,0.08,<,0.02,<,0.004,<,0.028,<,0.08,<,0.004,<,0.026,<,0.06,<,0.034,<,0.2,<,0.2,<,0.025,<,0.1,<,0.12,<,0.036,<,0.26,<,0.036,<,0.034,<,0.042,<,0.01,<,0.058,<,0.06,<,0.025,<,0.1,<,0.14,<,0.025,<,69.0,<,0.06,<,0.08,<,5.4,<,7.8,<,2,<,0.38,<,0.14,<,2.6,<,0.08,<,0.03,<,0.38,<,0.8,<,0.08,<,0.9,<,1.8,<,0.032,<,4.4,<,0.028,<,0.2,<,0.022,<,0.08,<,0.01,<,0.054,<,0.032
NECBLUSRC1-13,6/17/2019,1300,<,0.24,<,0.2,<,0.025,<,0.12,<,0.04,<,0.05,<,0.044,<,10.0,<,0.068,<,2.4,<,1.4,<,6.2,<,0.04,<,0.03,<,0.046,<,0.044,<,0.025,<,0.006,<,0.08,<,0.02,<,0.004,<,0.028,<,0.08,<,0.004,<,0.026,<,0.06,<,0.034,<,0.2,<,0.2,<,0.025,<,0.1,<,0.12,<,0.036,<,0.26,<,0.036,<,0.034,<,0.042,<,0.01,,0.122,<,0.06,<,0.025,<,0.1,<,0.14,<,0.025,<,69.0,<,0.06,<,0.08,<,5.4,<,7.8,<,2,<,0.38,<,0.14,<,2.6,<,0.08,<,0.03,<,0.38,<,0.8,<,0.08,<,0.9,<,1.8,<,0.032,<,4.4,<,0.028,<,0.2,<,0.022,<,0.08,<,0.01,<,0.054,<,0.032
NECBLUSRC1-14,6/18/2019,1100,<,0.24,<,0.2,<,0.025,<,0.12,<,0.04,<,0.05,<,0.044,<,10.0,<,0.068,<,2.4,<,1.4,<,6.2,<,0.04,<,0.03,<,0.046,<,0.044,<,0.025,<,0.006,<,0.08,<,0.02,<,0.004,<,0.028,<,0.08,<,0.004,<,0.026,<,0.06,<,0.034,<,0.2,<,0.2,<,0.025,<,0.1,<,0.12,<,0.036,<,0.26,<,0.036,<,0.034,<,0.042,<,0.01,<,0.058,<,0.06,<,0.025,<,0.1,<,0.14,<,0.025,<,69.0,<,0.06,<,0.08,<,5.4,<,7.8,<,2,<,0.38,<,0.14,<,2.6,<,0.08,<,0.03,<,0.38,<,0.8,<,0.08,<,0.9,<,1.8,<,0.032,<,4.4,<,0.028,<,0.2,<,0.022,<,0.08,<,0.01,<,0.054,<,0.032
NECBLUSRC1-16,6/19/2019,1100,<,0.24,<,0.2,<,0.025,<,0.12,<,0.04,<,0.05,<,0.044,<,10.0,<,0.068,<,2.4,<,1.4,<,6.2,<,0.04,<,0.03,<,0.046,<,0.044,<,0.025,<,0.006,<,0.08,<,0.02,<,0.004,<,0.028,<,0.08,<,0.004,<,0.026,<,0.06,<,0.034,<,0.2,<,0.2,<,0.025,<,0.1,<,0.12,<,0.036,<,0.26,<,0.036,<,0.034,<,0.042,<,0.01,t,0.012,<,0.06,<,0.025,<,0.1,<,0.14,<,0.025,<,0.03,<,0.06,<,0.08,<,5.4,<,7.8,<,2,<,0.38,<,0.14,<,2.6,<,0.08,<,0.03,<,0.38,<,0.8,<,0.08,<,0.9,<,1.8,<,0.032,<,4.4,<,0.028,<,0.2,<,0.022,<,0.08,<,0.01,<,0.054,<,0.032
NECBLUSRC1-17,6/20/2019,1100,<,0.24,<,0.2,<,0.025,<,0.12,<,0.04,<,0.05,<,0.044,<,10.0,<,0.068,<,2.4,<,1.4,<,6.2,<,0.04,<,0.03,<,0.046,<,0.044,<,0.025,<,0.006,<,0.08,<,0.02,<,0.004,<,0.028,<,0.08,<,0.004,<,0.026,<,0.06,<,0.034,<,0.2,<,0.2,<,0.025,<,0.1,<,0.12,<,0.036,<,0.26,<,0.036,<,0.034,<,0.042,<,0.01,<,0.058,<,0.06,<,0.025,<,0.1,<,0.14,<,0.025,<,69.0,<,0.06,<,0.08,<,5.4,<,7.8,<,2,<,0.38,<,0.14,<,2.6,<,0.08,<,0.03,<,0.38,<,0.8,<,0.08,<,0.9,<,1.8,<,0.032,<,4.4,<,0.028,<,0.2,<,0.022,<,0.08,<,0.01,<,0.054,<,0.032
NECBLUSRC1-20,6/25/2019,1300,<,0.24,<,0.2,<,0.025,<,0.12,<,0.04,<,0.05,<,0.044,<,10.0,<,0.068,<,2.4,<,1.4,<,6.2,<,0.04,<,0.03,<,0.046,<,0.044,<,0.025,<,0.006,<,0.08,<,0.02,<,0.004,<,0.028,<,0.08,<,0.004,<,0.026,<,0.06,<,0.034,<,0.2,<,0.2,<,0.025,<,0.1,<,0.12,<,0.036,<,0.26,<,0.036,<,0.034,<,0.042,<,0.01,<,0.058,<,0.06,<,0.025,<,0.1,<,0.14,<,0.025,<,69.0,<,0.06,<,0.08,<,5.4,<,7.8,<,2,<,0.38,<,0.14,<,2.6,<,0.08,<,0.03,<,0.38,<,0.8,<,0.08,<,0.9,<,1.8,<,0.032,<,4.4,<,0.028,<,0.2,<,0.022,<,0.08,<,0.01,<,0.054,<,0.032
NECBLUSRC1-21,6/26/2019,1100,<,0.24,<,0.2,<,0.025,<,0.12,<,0.04,<,0.05,<,0.044,<,10.0,<,0.068,<,2.4,<,1.4,<,6.2,<,0.04,t,0.014,<,0.046,<,0.044,<,0.025,<,0.006,<,0.08,<,0.02,<,0.004,<,0.028,<,0.08,<,0.004,<,0.026,<,0.06,<,0.034,<,0.2,<,0.2,<,0.025,<,0.1,<,0.12,<,0.036,<,0.26,<,0.036,<,0.034,<,0.042,<,0.01,t,0.018,<,0.06,<,0.025,<,0.1,<,0.14,<,0.025,<,69.0,<,0.06,<,0.08,<,5.4,<,7.8,<,2,<,0.38,<,0.14,<,2.6,<,0.08,<,0.03,<,0.38,<,0.8,<,0.08,<,0.9,<,1.8,<,0.032,<,4.4,<,0.028,<,0.2,<,0.022,<,0.08,<,0.01,<,0.054,<,0.032
NECBLUSRC1-22,6/26/2019,1300,<,0.24,<,0.2,<,0.025,<,0.12,<,0.04,<,0.05,<,0.044,<,10.0,<,0.068,<,2.4,<,1.4,<,6.2,<,0.04,<,0.03,<,0.046,<,0.044,<,0.025,<,0.006,<,0.08,<,0.02,<,0.004,<,0.028,<,0.08,<,0.004,<,0.026,<,0.06,<,0.034,<,0.2,<,0.2,<,0.025,<,0.1,<,0.12,<,0.036,<,0.26,<,0.036,<,0.034,<,0.042,<,0.01,<,0.058,<,0.06,<,0.025,<,0.1,<,0.14,<,0.025,<,0.03,<,0.06,<,0.08,<,5.4,<,7.8,<,2,<,0.38,<,0.14,<,2.6,<,0.08,<,0.03,<,0.38,<,0.8,<,0.08,<,0.9,<,1.8,<,0.032,<,4.4,<,0.028,<,0.2,<,0.022,<,0.08,<,0.01,<,0.054,<,0.032
NECBLUSRC1-23,6/27/2019,1100,<,0.24,<,0.2,<,0.025,<,0.12,<,0.04,<,0.05,<,0.044,<,10.0,<,0.068,<,2.4,<,1.4,<,6.2,<,0.04,<,0.03,<,0.046,<,0.044,<,0.025,<,0.006,<,0.08,<,0.02,<,0.004,<,0.028,<,0.08,<,0.004,<,0.026,<,0.06,<,0.034,<,0.2,<,0.2,<,0.025,<,0.1,<,0.12,<,0.036,<,0.26,<,0.036,<,0.034,<,0.042,<,0.01,<,0.058,<,0.06,<,0.025,<,0.1,<,0.14,<,0.025,<,69.0,<,0.06,<,0.08,<,5.4,<,7.8,<,2,<,0.38,<,0.14,<,2.6,<,0.08,<,0.03,<,0.38,<,0.8,<,0.08,<,0.9,<,1.8,<,0.032,<,4.4,<,0.028,<,0.2,<,0.022,<,0.08,<,0.01,<,0.054,<,0.032
NECBLUSRC1-24,6/27/2019,1300,<,0.24,<,0.2,<,0.025,<,0.12,<,0.04,<,0.05,<,0.044,<,10.0,<,0.068,<,2.4,<,1.4,<,6.2,<,0.04,<,0.03,<,0.046,<,0.044,<,0.025,<,0.006,<,0.08,<,0.02,<,0.004,<,0.028,<,0.08,<,0.004,<,0.026,<,0.06,<,0.034,<,0.2,<,0.2,<,0.025,<,0.1,<,0.12,<,0.036,<,0.26,<,0.036,<,0.034,<,0.042,,0.02,<,0.058,<,0.06,<,0.025,<,0.1,<,0.14,<,0.025,<,0.03,<,0.06,<,0.08,<,5.4,<,7.8,<,2,<,0.38,<,0.14,<,2.6,<,0.08,<,0.03,<,0.38,<,0.8,<,0.08,<,0.9,<,1.8,<,0.032,<,4.4,<,0.028,<,0.2,<,0.022,<,0.08,<,0.01,<,0.054,<,0.032
NECBLUSRC1-25,7/9/2019,1300,<,0.24,<,0.2,<,0.025,<,0.12,<,0.04,<,0.05,<,0.044,<,10.0,<,0.068,<,2.4,<,1.4,<,6.2,<,0.04,<,0.03,<,0.046,<,0.044,<,0.025,<,0.006,<,0.08,<,0.02,<,0.004,<,0.028,<,0.08,<,0.004,<,0.026,<,0.06,<,0.034,<,0.2,<,0.2,<,0.025,<,0.1,<,0.12,<,0.036,<,0.26,<,0.036,<,0.034,<,0.042,<,0.01,<,0.058,<,0.06,<,0.025,<,0.1,<,0.14,<,0.025,<,0.03,<,0.06,<,0.08,<,5.4,<,7.8,<,2,<,0.38,<,0.14,<,2.6,<,0.08,<,0.03,<,0.38,<,0.8,<,0.08,<,0.9,<,1.8,<,0.032,<,4.4,<,0.028,<,0.2,<,0.022,<,0.08,<,0.01,<,0.054,<,0.032
NECBLUSRC1-26,7/10/2019,1100,<,0.24,<,0.2,<,0.025,<,0.12,<,0.04,<,0.05,<,0.044,<,10.0,<,0.068,<,2.4,<,1.4,<,6.2,<,0.04,<,0.03,<,0.046,<,0.044,<,0.025,<,0.006,<,0.08,<,0.02,<,0.004,<,0.028,<,0.08,<,0.004,<,0.026,<,0.06,<,0.034,<,0.2,<,0.2,<,0.025,<,0.1,<,0.12,<,0.036,<,0.26,<,0.036,<,0.034,<,0.042,<,0.01,<,0.058,<,0.06,<,0.025,<,0.1,<,0.14,<,0.025,<,69.0,<,0.06,<,0.08,<,5.4,<,7.8,<,2,<,0.38,<,0.14,<,2.6,<,0.08,<,0.03,<,0.38,<,0.8,<,0.08,<,0.9,<,1.8,<,0.032,<,4.4,<,0.028,<,0.2,<,0.022,<,0.08,<,0.01,<,0.054,<,0.032
NECBLUSRC1-27,7/11/2019,1300,<,0.24,<,0.2,<,0.025,<,0.12,<,0.04,<,0.05,<,0.044,<,10.0,<,0.068,<,2.4,<,1.4,<,6.2,<,0.04,<,0.03,<,0.046,<,0.044,<,0.025,<,0.006,<,0.08,<,0.02,<,0.004,<,0.028,<,0.08,<,0.004,<,0.026,<,0.06,<,0.034,<,0.2,<,0.2,<,0.025,<,0.1,<,0.12,<,0.036,<,0.26,<,0.036,<,0.034,<,0.042,<,0.01,<,0.058,<,0.06,<,0.025,<,0.1,<,0.14,<,0.025,<,69.0,<,0.06,<,0.08,<,5.4,<,7.8,<,2,<,0.38,<,0.14,<,2.6,<,0.08,<,0.03,<,0.38,<,0.8,<,0.08,<,0.9,<,1.8,<,0.032,<,4.4,<,0.028,<,0.2,<,0.022,<,0.08,<,0.01,<,0.054,<,0.032
NECBLUSRC1-28,6/3/2019,1100,<,0.24,<,0.2,<,0.025,<,0.12,<,0.04,<,0.05,<,0.044,<,10.0,<,0.068,<,2.4,<,1.4,<,6.2,<,0.04,<,0.03,<,0.046,<,0.044,<,0.025,<,0.006,<,0.08,<,0.02,<,0.004,<,0.028,<,0.08,<,0.004,<,0.026,<,0.06,<,0.034,<,0.2,<,0.2,<,0.025,<,0.1,<,0.12,<,0.036,<,0.26,<,0.036,<,0.034,<,0.042,<,0.01,<,0.058,<,0.06,<,0.025,<,0.1,<,0.14,<,0.025,<,0.03,<,0.06,<,0.08,<,5.4,<,7.8,<,2,<,0.38,<,0.14,<,2.6,<,0.08,<,0.03,<,0.38,<,0.8,<,0.08,<,0.9,<,1.8,<,0.032,<,4.4,<,0.028,<,0.2,<,0.022,<,0.08,<,0.01,<,0.054,<,0.032
NECBSUS3-01,8/13/2019,1100,<,0.24,<,0.2,<,0.025,<,0.12,<,0.04,<,0.05,<,0.044,<,10.0,<,0.068,<,2.4,<,1.4,<,6.2,<,0.04,<,0.03,<,0.046,<,0.044,<,0.025,<,0.006,<,0.08,<,0.02,<,0.004,<,0.028,<,0.08,<,0.004,<,0.026,<,0.06,n,0.02,<,0.2,<,0.2,<,0.025,<,0.1,<,0.12,<,0.036,<,0.26,<,0.036,<,0.034,<,0.042,<,0.01,<,0.058,<,0.06,<,0.025,<,0.1,<,0.14,<,0.025,<,0.4,<,0.06,<,0.08,<,5.4,<,7.8,<,2,<,0.38,<,0.14,<,2.6,<,0.08,<,0.03,<,0.38,<,0.8,<,0.08,<,0.9,<,1.8,<,0.032,<,4.4,<,0.028,<,0.2,<,0.022,<,0.08,<,0.01,<,0.054,<,0.032
NECBSUS3-02,9/16/2019,1100,<,0.24,<,0.2,<,0.025,<,0.12,<,0.04,<,0.05,<,0.044,<,10.0,<,0.068,<,2.4,<,1.4,<,6.2,<,0.04,<,0.03,<,0.046,<,0.044,<,0.025,<,0.006,<,0.08,<,0.02,<,0.004,<,0.028,<,0.08,<,0.004,<,0.026,<,0.06,<,0.034,<,0.2,<,0.2,<,0.025,<,0.1,<,0.12,<,0.036,<,0.26,<,0.036,<,0.034,<,0.042,,0.03,t,0.018,<,0.06,<,0.025,<,0.1,<,0.14,<,0.03,<,0.03,<,0.06,<,0.08,<,5.4,<,7.8,<,2,<,0.38,<,0.14,<,2.6,<,0.08,<,0.03,<,0.38,<,0.8,<,0.08,<,0.9,<,1.8,<,0.032,<,4.4,<,0.028,<,0.2,<,0.022,<,0.08,<,0.01,<,0.054,<,0.032
NECBSUS3-03,9/17/2019,1100,<,0.24,,0.535,<,0.025,<,0.12,<,0.04,<,0.05,<,0.044,<,10.0,<,0.068,<,2.4,<,1.4,<,6.2,<,0.04,<,0.03,<,0.046,<,0.044,<,0.025,<,0.006,<,0.08,<,0.02,<,0.004,<,0.028,<,0.08,<,0.004,<,0.026,<,0.06,<,0.034,<,0.2,<,0.2,<,0.025,<,0.1,<,0.12,<,0.036,<,0.26,<,0.036,<,0.034,<,0.042,,0.03,t,0.011,<,0.06,<,0.025,<,0.1,<,0.14,<,0.026,<,0.4,<,0.06,<,0.08,<,5.4,<,7.8,<,2,<,0.38,<,0.14,<,2.6,<,0.08,<,0.03,<,0.38,<,0.8,<,0.08,<,0.9,<,1.8,<,0.032,<,4.4,<,0.028,<,0.2,<,0.022,<,0.08,<,0.01,<,0.054,<,0.032
NECBSUS3-04,7/29/2019,1100,<,0.24,<,0.2,<,0.025,<,0.12,<,0.04,<,0.05,<,0.044,<,10.0,<,0.068,<,2.4,<,1.4,<,6.2,<,0.04,<,0.03,<,0.046,<,0.044,<,0.025,<,0.006,<,0.08,<,0.02,<,0.004,<,0.028,<,0.08,<,0.004,<,0.026,<,0.06,<,0.034,<,0.2,<,0.2,<,0.025,<,0.1,<,0.12,<,0.036,<,0.26,<,0.036,<,0.034,<,0.042,<,0.01,t,0.018,<,0.06,<,0.025,<,0.1,<,0.14,<,0.025,<,0.4,<,0.06,<,0.08,<,5.4,<,7.8,<,2,<,0.38,<,0.14,<,2.6,<,0.08,<,0.03,<,0.38,<,0.8,<,0.08,<,0.9,<,1.8,<,0.032,<,4.4,<,0.028,<,0.2,<,0.022,<,0.08,<,0.01,<,0.054,<,0.032
NECBSUS3-05,7/30/2019,1100,<,0.24,<,0.2,<,0.025,<,0.12,<,0.04,<,0.05,<,0.044,<,10.0,<,0.068,<,2.4,<,1.4,<,6.2,<,0.04,<,0.03,<,0.046,<,0.044,<,0.025,<,0.006,<,0.08,<,0.02,<,0.004,<,0.028,<,0.08,<,0.004,<,0.026,<,0.06,<,0.034,<,0.2,<,0.2,<,0.025,<,0.1,<,0.12,<,0.036,<,0.26,<,0.036,<,0.034,<,0.042,<,0.01,<,0.058,<,0.06,<,0.025,<,0.1,<,0.14,<,0.025,<,0.4,<,0.06,<,0.08,<,5.4,<,7.8,<,2,<,0.38,<,0.14,<,2.6,<,0.08,<,0.03,<,0.38,<,0.8,<,0.08,<,0.9,<,1.8,<,0.032,<,4.4,<,0.028,<,0.2,<,0.022,<,0.08,<,0.01,<,0.054,<,0.032
NECBSUS3-06,7/31/2019,1100,<,0.24,<,0.2,<,0.025,<,0.12,<,0.04,<,0.05,<,0.044,<,10.0,<,0.068,<,2.4,<,1.4,<,6.2,<,0.04,<,0.03,<,0.046,<,0.044,<,0.025,<,0.006,<,0.08,<,0.02,<,0.004,<,0.028,<,0.08,<,0.004,<,0.026,<,0.06,<,0.034,<,0.2,<,0.2,<,0.025,<,0.1,<,0.12,<,0.036,<,0.26,<,0.036,<,0.034,<,0.042,,0.02,<,0.058,<,0.06,<,0.025,<,0.1,<,0.14,<,0.025,<,0.4,<,0.06,<,0.08,<,5.4,<,7.8,<,2,<,0.38,<,0.14,<,2.6,<,0.08,<,0.03,<,0.38,<,0.8,<,0.08,<,0.9,<,1.8,<,0.032,<,4.4,<,0.028,<,0.2,<,0.022,<,0.08,<,0.01,<,0.054,<,0.032
NECBSUS3-08,8/8/2019,1100,<,0.24,<,0.2,<,0.025,<,0.12,<,0.04,<,0.05,<,0.044,<,10.0,<,0.068,<,2.4,<,1.4,<,6.2,<,0.04,<,0.03,<,0.046,<,0.044,<,0.025,<,0.006,<,0.08,<,0.02,<,0.004,<,0.028,<,0.08,<,0.004,<,0.026,<,0.06,<,0.034,<,0.2,<,0.2,<,0.025,<,0.1,<,0.12,<,0.036,<,0.26,<,0.036,<,0.034,<,0.042,<,0.01,<,0.058,<,0.06,<,0.025,<,0.1,<,0.14,<,0.025,<,0.03,<,0.06,<,0.08,<,5.4,<,7.8,<,2,<,0.38,<,0.14,<,2.6,<,0.08,<,0.03,<,0.38,<,0.8,<,0.08,<,0.9,<,1.8,<,0.032,<,4.4,<,0.028,<,0.2,<,0.022,<,0.08,<,0.01,<,0.054,<,0.032
NECBSUS3-09,8/14/2019,1100,<,0.24,<,0.2,<,0.025,<,0.12,<,0.04,<,0.05,<,0.044,<,10.0,<,0.068,<,2.4,<,1.4,<,6.2,<,0.04,<,0.03,<,0.046,<,0.044,<,0.025,<,0.006,<,0.08,<,0.02,<,0.004,<,0.028,<,0.08,<,0.004,<,0.026,<,0.06,<,0.034,<,0.2,<,0.2,<,0.025,<,0.1,<,0.12,<,0.036,<,0.26,<,0.036,<,0.034,<,0.042,<,0.01,t,0.018,<,0.06,<,0.025,<,0.1,<,0.14,,0.079,<,0.4,<,0.06,<,0.08,<,5.4,<,7.8,<,2,<,0.38,<,0.14,<,2.6,<,0.08,<,0.03,<,0.38,<,0.8,<,0.08,<,0.9,<,1.8,<,0.032,<,4.4,<,0.028,<,0.2,<,0.022,<,0.08,<,0.01,<,0.054,<,0.032
NECBSUS3-10,8/15/2019,1100,<,0.24,<,0.2,<,0.025,<,0.12,<,0.04,<,0.05,<,0.044,<,10.0,<,0.068,<,2.4,<,1.4,<,6.2,<,0.04,<,0.03,<,0.046,<,0.044,<,0.025,<,0.006,<,0.08,<,0.02,<,0.004,<,0.028,<,0.08,<,0.004,<,0.026,<,0.06,<,0.034,<,0.2,<,0.2,<,0.025,<,0.1,<,0.12,<,0.036,<,0.26,<,0.036,<,0.034,<,0.042,,0.04,<,0.058,<,0.06,<,0.025,<,0.1,<,0.14,<,0.025,<,0.4,<,0.06,<,0.08,<,5.4,<,7.8,<,2,<,0.38,<,0.14,<,2.6,<,0.08,<,0.03,<,0.38,<,0.8,<,0.08,<,0.9,<,1.8,<,0.032,<,4.4,<,0.028,<,0.2,<,0.022,<,0.08,<,0.01,<,0.054,<,0.032
NECBSUS3-11,9/3/2019,1100,<,0.24,<,0.2,<,0.025,<,0.12,<,0.04,<,0.05,<,0.044,<,10.0,<,0.068,<,2.4,<,1.4,<,6.2,<,0.04,<,0.03,<,0.046,<,0.044,<,0.025,<,0.006,<,0.08,<,0.02,<,0.004,<,0.028,<,0.08,<,0.004,<,0.026,<,0.06,<,0.034,<,0.2,<,0.2,<,0.025,<,0.1,<,0.12,<,0.036,<,0.26,<,0.036,<,0.034,<,0.042,,0.01,<,0.058,<,0.06,<,0.025,<,0.1,<,0.14,<,0.025,<,0.4,<,0.06,<,0.08,<,5.4,<,7.8,<,2,<,0.38,<,0.14,<,2.6,<,0.08,<,0.03,<,0.38,<,0.8,<,0.08,<,0.9,<,1.8,<,0.032,<,4.4,<,0.028,<,0.2,<,0.022,<,0.08,<,0.01,<,0.054,<,0.032
NECBSUS3-12,9/5/2019,1100,<,0.24,<,0.2,<,0.025,<,0.12,<,0.04,<,0.05,<,0.044,<,10.0,<,0.068,<,2.4,<,1.4,<,6.2,<,0.04,<,0.03,<,0.046,<,0.044,<,0.025,<,0.006,<,0.08,<,0.02,<,0.004,<,0.028,<,0.08,<,0.004,<,0.026,<,0.06,<,0.034,<,0.2,<,0.2,<,0.025,<,0.1,<,0.12,<,0.036,<,0.26,<,0.036,<,0.034,<,0.042,n,0.01,<,0.058,<,0.06,<,0.025,<,0.1,<,0.14,<,0.025,<,0.4,<,0.06,<,0.08,<,5.4,<,7.8,<,2,<,0.38,<,0.14,<,2.6,<,0.08,<,0.03,<,0.38,<,0.8,<,0.08,<,0.9,<,1.8,<,0.032,<,4.4,<,0.028,<,0.2,<,0.022,<,0.08,<,0.01,<,0.054,<,0.032
NECBSUS3-13,9/12/2019,1100,<,0.24,<,0.2,<,0.025,<,0.12,<,0.04,<,0.05,<,0.044,<,10.0,<,0.068,<,2.4,<,1.4,<,6.2,<,0.04,<,0.03,<,0.046,<,0.044,<,0.025,<,0.006,<,0.08,<,0.02,<,0.004,<,0.028,<,0.08,<,0.004,<,0.026,<,0.06,<,0.034,<,0.2,<,0.2,<,0.025,<,0.1,<,0.12,<,0.036,<,0.26,<,0.036,<,0.034,<,0.042,<,0.01,t,0.027,<,0.06,<,0.025,<,0.1,<,0.14,<,0.034,<,0.4,<,0.06,<,0.08,<,5.4,<,7.8,<,2,<,0.38,<,0.14,<,2.6,<,0.08,<,0.03,<,0.38,<,0.8,<,0.08,<,0.9,<,1.8,<,0.032,<,4.4,<,0.028,<,0.2,<,0.022,<,0.08,<,0.01,<,0.054,<,0.032
NECBSUS3-15,9/19/2019,1100,<,0.24,<,0.2,<,0.025,<,0.12,<,0.04,<,0.05,<,0.044,<,10.0,<,0.068,<,2.4,<,1.4,<,6.2,<,0.04,<,0.03,<,0.046,<,0.044,<,0.025,<,0.006,<,0.08,<,0.02,<,0.004,<,0.028,<,0.08,<,0.004,<,0.026,<,0.06,,0.044,<,0.2,<,0.2,<,0.025,<,0.1,<,0.12,<,0.036,<,0.26,<,0.036,<,0.034,<,0.042,<,0.01,<,0.058,<,0.06,<,0.025,<,0.1,<,0.14,<,0.025,<,0.4,<,0.06,<,0.08,<,5.4,<,7.8,<,2,<,0.38,<,0.14,<,2.6,<,0.08,<,0.03,<,0.38,<,0.8,<,0.08,<,0.9,<,1.8,<,0.032,<,4.4,<,0.028,<,0.2,<,0.022,<,0.08,<,0.01,<,0.054,<,0.032
NECBSUS3-16,9/26/2019,1100,<,0.24,<,0.2,<,0.025,<,0.12,<,0.04,<,0.05,<,0.044,,,<,0.068,<,2.4,<,1.4,<,5.2,<,0.04,<,0.03,<,0.046,<,0.044,<,0.025,<,0.006,<,0.08,<,0.02,<,0.004,<,0.028,<,0.08,<,0.004,<,0.026,<,0.06,,0.115,<,0.2,<,0.2,<,0.025,<,0.1,<,0.12,<,0.036,<,0.26,<,0.036,<,0.034,<,0.042,,0.02,<,0.058,<,0.06,<,0.025,<,0.1,<,0.14,<,0.025,<,0.4,<,0.06,<,0.08,<,5.4,<,7.8,<,2,<,0.38,<,1.0,<,2.6,<,0.08,<,0.03,<,0.38,<,0.8,<,0.08,<,0.4,<,1.8,<,0.032,<,4.4,<,0.028,<,0.2,<,0.022,<,0.08,<,0.01,<,0.054,<,0.032
NECBSUS3-17,10/8/2019,1100,<,0.24,<,0.2,<,0.025,<,0.12,<,0.04,<,0.05,<,0.044,,,<,0.068,<,2.4,<,1.4,<,5.2,<,0.04,<,0.03,<,0.046,<,0.044,<,0.025,<,0.006,<,0.08,<,0.02,<,0.004,<,0.028,<,0.08,<,0.004,<,0.026,<,0.06,<,0.034,<,0.2,<,0.2,<,0.025,<,0.1,<,0.12,<,0.036,<,0.26,<,0.036,<,0.034,<,0.042,<,0.01,,0.11,<,0.06,<,0.025,<,0.1,<,0.14,<,0.025,<,0.03,<,0.06,<,0.08,<,5.4,<,7.8,<,2,<,0.38,<,0.14,<,2.6,<,0.08,<,0.03,<,0.38,<,0.8,,0.219,<,0.4,<,1.8,<,0.032,<,4.4,<,0.028,<,0.2,<,0.022,<,0.08,<,0.01,<,0.054,<,0.032
NECBSUS3-18,7/24/2019,1100,<,0.24,<,0.2,<,0.025,<,0.12,<,0.04,<,0.05,<,0.044,<,10.0,<,0.068,<,2.4,<,1.4,<,6.2,<,0.04,<,0.03,<,0.046,<,0.044,<,0.025,<,0.006,<,0.08,<,0.02,<,0.004,<,0.028,<,0.08,<,0.004,<,0.026,<,0.06,<,0.034,<,0.2,<,0.2,<,0.025,<,0.1,<,0.12,<,0.036,<,0.26,<,0.036,<,0.034,<,0.042,<,0.01,<,0.058,<,0.06,<,0.025,<,0.1,<,0.14,<,0.025,<,0.4,<,0.06,<,0.08,<,5.4,<,7.8,<,2,<,0.38,<,0.14,<,2.6,<,0.08,<,0.03,<,0.38,<,0.8,<,0.08,<,0.9,<,1.8,<,0.032,<,4.4,<,0.028,<,0.2,<,0.022,<,0.08,<,0.01,<,0.054,<,0.032
NECBSUS3-21,8/22/2019,1100,<,0.24,<,0.2,<,0.025,<,0.12,<,0.04,<,0.05,<,0.044,<,10.0,<,0.068,<,2.4,<,1.4,<,6.2,<,0.04,<,0.03,<,0.046,<,0.044,<,0.025,<,0.006,<,0.08,<,0.02,<,0.004,<,0.028,<,0.08,<,0.004,<,0.026,<,0.06,<,0.034,<,0.2,<,0.2,<,0.025,<,0.1,<,0.12,<,0.036,<,0.26,<,0.036,<,0.034,<,0.042,<,0.01,<,0.058,<,0.06,<,0.025,<,0.1,<,0.14,<,0.025,<,0.03,<,0.06,<,0.08,<,5.4,<,7.8,<,2,<,0.38,<,0.14,<,2.6,<,0.08,<,0.03,<,0.38,<,0.8,<,0.08,<,0.9,<,1.8,<,0.032,<,4.4,<,0.028,<,0.2,<,0.022,<,0.08,<,0.01,<,0.054,<,0.032
NECBSUS3-22,9/11/2019,1100,<,0.24,<,0.2,<,0.025,<,0.12,<,0.04,<,0.05,<,0.044,<,10.0,<,0.068,<,2.4,<,1.4,<,6.2,<,0.04,<,0.03,<,0.046,<,0.044,<,0.025,<,0.006,<,0.08,<,0.02,<,0.004,<,0.028,<,0.08,<,0.004,<,0.026,<,0.06,<,0.034,<,0.2,<,0.2,<,0.025,<,0.1,<,0.12,<,0.036,<,0.26,<,0.036,<,0.034,<,0.042,<,0.01,<,0.058,<,0.06,<,0.025,<,0.1,<,0.14,<,0.025,<,0.03,<,0.06,<,0.08,<,5.4,<,7.8,<,2,<,0.38,<,0.14,<,2.6,<,0.08,<,0.03,<,0.38,<,0.8,<,0.08,<,0.9,<,1.8,<,0.032,<,4.4,<,0.028,<,0.2,<,0.022,<,0.08,<,0.01,<,0.054,<,0.032
NECBSUS3-23,9/25/2019,1100,<,0.24,<,0.2,<,0.025,<,0.12,n,0.02,<,0.05,<,0.044,,,<,0.068,<,2.4,<,1.4,<,5.2,<,0.04,<,0.03,<,0.046,<,0.044,<,0.025,<,0.006,<,0.08,<,0.02,<,0.004,<,0.028,<,0.08,<,0.004,<,0.026,<,0.06,<,0.034,<,0.2,<,0.2,<,0.025,<,0.1,<,0.12,<,0.036,<,0.26,<,0.036,<,0.034,<,0.042,<,0.01,<,0.058,<,0.06,<,0.025,<,0.1,<,0.14,<,0.025,<,0.03,<,0.06,<,0.08,<,5.4,<,7.8,<,2,<,0.38,<,1.0,<,2.6,<,0.08,<,0.03,<,0.38,<,0.8,<,0.08,<,0.4,<,1.8,<,0.032,<,4.4,<,0.028,<,0.2,<,0.022,<,0.08,<,0.01,<,0.054,<,0.032
NECBSUS3-24,7/24/2019,1300,<,0.24,<,0.2,<,0.025,<,0.12,<,0.04,<,0.05,<,0.044,<,10.0,<,0.068,<,2.4,<,1.4,<,6.2,<,0.04,<,0.03,<,0.046,<,0.044,<,0.025,<,0.006,<,0.08,<,0.02,<,0.004,<,0.028,<,0.08,<,0.004,<,0.026,<,0.06,<,0.034,<,0.2,<,0.2,<,0.025,<,0.1,<,0.12,<,0.036,<,0.26,<,0.036,<,0.034,<,0.042,<,0.01,<,0.058,<,0.06,<,0.025,<,0.1,<,0.14,<,0.025,<,0.4,<,0.06,<,0.08,<,5.4,<,7.8,<,2,<,0.38,<,0.14,<,2.6,<,0.08,<,0.03,<,0.38,<,0.8,<,0.08,<,0.9,<,1.8,<,0.032,<,4.4,<,0.028,<,0.2,<,0.022,<,0.08,<,0.01,<,0.054,<,0.032
NECBSUS3-25,8/21/2019,1100,<,0.24,<,0.2,<,0.025,<,0.12,<,0.04,<,0.05,<,0.044,<,10.0,<,0.068,<,2.4,<,1.4,<,6.2,<,0.04,<,0.03,<,0.046,<,0.044,<,0.025,<,0.006,<,0.08,<,0.02,<,0.004,<,0.028,<,0.08,<,0.004,<,0.026,<,0.06,,0.394,<,0.2,<,0.2,<,0.025,<,0.1,,0.25,<,0.036,<,0.26,<,0.036,<,0.034,<,0.042,<,0.01,t,0.011,<,0.06,<,0.025,<,0.1,t,0.05,<,0.025,,0.47,<,0.06,<,0.08,<,5.4,<,7.8,<,2,<,0.38,<,0.14,<,2.6,<,0.08,<,0.03,<,0.38,<,0.8,<,0.08,<,0.9,<,1.8,<,0.032,<,4.4,<,0.028,<,0.2,<,0.022,<,0.08,<,0.01,<,0.054,<,0.032
NECBSUS3-27,9/24/2019,1100,<,0.24,<,0.2,<,0.025,<,0.12,<,0.04,<,0.05,<,0.044,,,<,0.068,<,2.4,<,1.4,<,5.2,<,0.04,<,0.03,<,0.046,<,0.044,<,0.025,<,0.006,<,0.08,<,0.02,<,0.004,<,0.028,<,0.08,<,0.004,<,0.026,<,0.06,<,0.034,<,0.2,<,0.2,<,0.025,<,0.1,<,0.12,<,0.036,<,0.26,<,0.036,<,0.034,<,0.042,<,0.01,<,0.058,<,0.06,<,0.025,<,0.1,<,0.14,<,0.025,<,0.03,<,0.06,<,0.08,<,5.4,<,7.8,<,2,<,0.38,<,1.0,<,2.6,<,0.08,<,0.03,<,0.38,<,0.8,<,0.08,<,0.4,<,1.8,<,0.032,<,4.4,<,0.028,<,0.2,<,0.022,<,0.08,<,0.01,<,0.054,<,0.032
STRVPAS2-01,8/5/2019,1000,<,0.24,<,0.2,<,0.025,<,0.12,<,0.04,<,0.05,<,0.044,<,10.0,<,0.068,<,2.4,<,1.4,<,6.2,<,0.04,<,0.03,<,0.046,<,0.044,<,0.025,<,0.006,<,0.08,<,0.02,<,0.004,<,0.028,<,0.08,<,0.004,<,0.026,<,0.06,<,0.034,<,0.2,<,0.2,<,0.025,<,0.1,<,0.12,<,0.036,<,0.26,<,0.036,<,0.034,<,0.042,<,0.01,<,0.058,<,0.06,<,0.025,<,0.1,<,0.14,<,0.025,<,0.03,<,0.06,<,0.08,<,5.4,<,7.8,<,2,<,0.38,<,0.14,<,2.6,<,0.08,<,0.03,<,0.38,<,0.8,<,0.08,<,0.9,<,1.8,<,0.032,<,4.4,<,0.028,<,0.2,<,0.022,<,0.08,<,0.01,<,0.054,<,0.032
STRVPAS2-02,8/5/2019,1500,<,0.24,<,0.2,<,0.025,<,0.12,<,0.04,<,0.05,<,0.044,<,10.0,<,0.068,<,2.4,<,1.4,<,6.2,<,0.04,<,0.03,<,0.046,<,0.044,<,0.025,<,0.006,<,0.08,<,0.02,<,0.004,<,0.028,<,0.08,<,0.004,<,0.026,<,0.06,<,0.034,<,0.2,<,0.2,<,0.025,<,0.1,<,0.12,<,0.036,<,0.26,<,0.036,<,0.034,<,0.042,<,0.01,<,0.058,<,0.06,<,0.025,<,0.1,<,0.14,<,0.025,<,0.03,<,0.06,<,0.08,<,5.4,<,7.8,<,2,<,0.38,<,0.14,<,2.6,<,0.08,<,0.03,<,0.38,<,0.8,<,0.08,<,0.9,<,1.8,<,0.032,<,4.4,<,0.028,<,0.2,<,0.022,<,0.08,<,0.01,<,0.054,<,0.032
STRVPAS2-03,8/6/2019,1000,<,0.24,<,0.2,<,0.025,<,0.12,<,0.04,<,0.05,<,0.044,<,10.0,<,0.068,<,2.4,<,1.4,<,6.2,<,0.04,<,0.03,<,0.046,<,0.044,<,0.025,<,0.006,<,0.08,<,0.02,<,0.004,<,0.028,<,0.08,<,0.004,<,0.026,<,0.06,<,0.034,<,0.2,<,0.2,<,0.025,<,0.1,<,0.12,<,0.036,<,0.26,<,0.036,<,0.034,<,0.042,<,0.01,<,0.058,<,0.06,<,0.025,<,0.1,<,0.14,<,0.025,<,0.03,<,0.06,<,0.08,<,5.4,<,7.8,<,2,<,0.38,<,0.14,<,2.6,<,0.08,<,0.03,<,0.38,<,0.8,<,0.08,<,0.9,<,1.8,<,0.032,<,4.4,<,0.028,<,0.2,<,0.022,<,0.08,<,0.01,<,0.054,<,0.032
STRVPAS2-04,8/6/2019,1500,<,0.24,<,0.2,<,0.025,<,0.12,<,0.04,<,0.05,<,0.044,<,10.0,<,0.068,<,2.4,<,1.4,<,6.2,<,0.04,<,0.03,<,0.046,<,0.044,<,0.025,<,0.006,<,0.08,<,0.02,<,0.004,<,0.028,<,0.08,<,0.004,<,0.026,<,0.06,<,0.034,<,0.2,<,0.2,n,0.016,<,0.1,<,0.12,<,0.036,<,0.26,<,0.036,<,0.034,<,0.042,<,0.01,<,0.058,<,0.06,<,0.025,<,0.1,<,0.14,<,0.025,n,0.02,<,0.06,<,0.08,<,5.4,<,7.8,<,2,<,0.38,<,0.14,<,2.6,<,0.08,<,0.03,<,0.38,<,0.8,<,0.08,<,0.9,<,1.8,<,0.032,<,4.4,<,0.028,<,0.2,<,0.022,t,0.029,<,0.01,<,0.054,<,0.032
STRVPAS2-05,8/7/2019,1100,<,0.24,<,0.2,<,0.025,<,0.12,<,0.04,<,0.05,<,0.044,<,10.0,<,0.068,<,2.4,<,1.4,<,6.2,<,0.04,<,0.03,<,0.046,<,0.044,<,0.025,<,0.006,<,0.08,<,0.02,<,0.004,<,0.028,<,0.08,<,0.004,<,0.026,<,0.06,<,0.034,<,0.2,<,0.2,<,0.025,<,0.1,<,0.12,<,0.036,<,0.26,<,0.036,<,0.034,<,0.042,<,0.01,<,0.058,<,0.06,<,0.025,<,0.1,<,0.14,<,0.025,<,0.03,<,0.06,<,0.08,<,5.4,<,7.8,<,2,<,0.38,<,0.14,<,2.6,<,0.08,<,0.03,<,0.38,<,0.8,<,0.08,<,0.9,<,1.8,<,0.032,<,4.4,<,0.028,<,0.2,<,0.022,<,0.08,<,0.01,<,0.054,<,0.032
STRVPAS2-06,8/8/2019,1000,<,0.24,<,0.2,<,0.025,<,0.12,<,0.04,<,0.05,<,0.044,<,10.0,<,0.068,<,2.4,<,1.4,<,6.2,<,0.04,<,0.03,<,0.046,<,0.044,<,0.025,<,0.006,<,0.08,<,0.02,<,0.004,<,0.028,<,0.08,<,0.004,<,0.026,<,0.06,<,0.034,<,0.2,<,0.2,<,0.025,<,0.1,<,0.12,<,0.036,<,0.26,<,0.036,<,0.034,<,0.042,<,0.01,<,0.058,<,0.06,<,0.025,<,0.1,<,0.14,<,0.025,<,0.03,<,0.06,<,0.08,<,5.4,<,7.8,<,2,<,0.38,<,0.14,<,2.6,<,0.08,<,0.03,<,0.38,<,0.8,<,0.08,<,0.9,<,1.8,<,0.032,<,4.4,<,0.028,<,0.2,<,0.022,<,0.08,<,0.01,<,0.054,<,0.032
STRVPAS2-07,8/8/2019,1300,<,0.24,<,0.2,<,0.025,<,0.12,<,0.04,<,0.05,<,0.044,<,10.0,<,0.068,<,2.4,<,1.4,<,6.2,<,0.04,<,0.03,<,0.046,<,0.044,<,0.025,<,0.006,<,0.08,<,0.02,<,0.004,<,0.028,<,0.08,<,0.004,<,0.026,<,0.06,<,0.034,<,0.2,<,0.2,<,0.025,<,0.1,<,0.12,<,0.036,<,0.26,<,0.036,<,0.034,<,0.042,<,0.01,<,0.058,<,0.06,<,0.025,<,0.1,<,0.14,<,0.025,<,0.03,<,0.06,<,0.08,<,5.4,<,7.8,<,2,<,0.38,<,0.14,<,2.6,<,0.08,<,0.03,<,0.38,<,0.8,<,0.08,<,0.9,<,1.8,<,0.032,<,4.4,<,0.028,<,0.2,<,0.022,<,0.08,<,0.01,<,0.054,<,0.032
STRVPAS2-09,6/13/2019,1200,<,0.24,<,0.2,<,0.025,<,0.12,<,0.04,<,0.05,<,0.044,<,10.0,<,0.068,<,2.4,<,1.4,<,6.2,<,0.04,<,0.03,<,0.046,t,0.014,<,0.025,<,0.006,<,0.08,<,0.02,<,0.004,<,0.028,<,0.08,<,0.004,<,0.026,<,0.06,<,0.034,<,0.2,<,0.2,,1.58,<,0.1,<,0.12,<,0.036,<,0.26,<,0.036,<,0.034,<,0.042,<,0.01,<,0.058,<,0.06,,0.052,<,0.1,<,0.14,<,0.025,<,0.03,<,0.06,<,0.08,<,5.4,<,7.8,<,2,<,0.38,<,0.14,<,2.6,<,0.08,<,0.03,<,0.38,<,0.8,<,0.08,<,0.9,<,1.8,<,0.032,<,4.4,<,0.028,<,0.2,<,0.022,<,0.08,<,0.01,<,0.054,<,0.032
STRVPAS2-10,7/17/2019,1300,<,0.24,<,0.2,<,0.025,<,0.12,<,0.04,<,0.05,<,0.044,<,10.0,<,0.068,<,2.4,<,1.4,<,6.2,<,0.04,<,0.03,<,0.046,<,0.044,<,0.025,<,0.006,<,0.08,<,0.02,<,0.004,<,0.028,<,0.08,<,0.004,<,0.026,<,0.06,<,0.034,<,0.2,<,0.2,<,0.025,<,0.1,<,0.12,<,0.036,<,0.26,<,0.036,<,0.034,<,0.042,<,0.01,<,0.058,<,0.06,<,0.025,<,0.1,<,0.14,<,0.025,<,0.03,<,0.06,<,0.08,<,5.4,<,7.8,<,2,<,0.38,<,0.14,<,2.6,<,0.08,<,0.03,<,0.38,<,0.8,<,0.08,<,0.9,<,1.8,<,0.032,<,4.4,<,0.028,<,0.2,<,0.022,<,0.08,<,0.01,<,0.054,<,0.032
STRVPAS2-12,8/13/2019,1400,<,0.24,<,0.2,<,0.025,<,0.12,<,0.04,<,0.05,<,0.044,<,10.0,<,0.068,<,2.4,<,1.4,<,6.2,<,0.04,<,0.03,<,0.046,<,0.044,<,0.025,<,0.006,<,0.08,<,0.02,<,0.004,<,0.028,<,0.08,,0.0114,<,0.026,<,0.06,<,0.034,<,0.2,<,0.2,<,0.025,<,0.1,<,0.12,<,0.036,<,0.26,<,0.036,<,0.034,<,0.042,<,0.1,<,0.058,<,0.06,<,0.025,<,0.1,<,0.14,<,0.025,t,0.01,<,0.06,<,0.08,<,5.4,<,7.8,<,2,<,0.38,<,0.14,<,2.6,<,0.08,<,0.03,<,0.38,<,0.8,<,0.08,<,0.9,<,1.8,<,0.032,<,4.4,<,0.028,<,0.2,<,0.022,<,0.08,<,0.01,<,0.054,<,0.032
STRVPAS2-14,8/19/2019,1100,<,0.24,<,0.759,<,0.025,<,0.12,<,0.04,<,0.05,<,0.044,<,10.0,<,0.068,<,2.4,<,1.4,<,6.2,<,0.04,<,0.03,<,0.046,,0.435,<,0.025,<,0.006,<,0.08,<,0.02,<,0.004,<,0.028,<,0.08,<,0.004,<,0.026,<,0.06,<,0.034,<,0.2,<,0.2,,0.081,<,0.1,<,0.12,<,0.036,<,0.26,<,0.036,<,0.034,<,0.042,<,0.01,<,0.058,<,0.06,,0.042,<,0.1,<,0.14,<,0.025,<,0.03,<,0.06,<,0.08,<,5.4,<,7.8,<,2,<,0.38,<,0.14,<,2.6,<,0.08,<,0.03,<,0.38,<,0.8,<,0.08,<,0.9,<,1.8,<,0.032,<,4.4,<,0.028,<,0.2,<,0.022,<,0.08,<,0.01,<,0.054,<,0.032
STRVPAS2-16,9/3/2019,1200,<,0.24,<,0.2,<,0.025,<,0.12,,0.16,<,0.05,<,0.044,<,10.0,<,0.068,<,2.4,<,1.4,<,6.2,<,0.04,<,0.03,<,0.046,<,0.044,<,0.025,<,0.006,<,0.08,<,0.02,<,0.004,<,0.028,<,0.08,,0.0042,<,0.026,<,0.06,<,0.034,<,0.2,<,0.2,<,0.025,<,0.1,<,0.12,<,0.036,<,0.26,<,0.036,<,0.034,<,0.042,<,0.01,<,0.058,<,0.06,<,0.025,<,0.1,<,0.14,<,0.025,,0.05,<,0.06,<,0.08,<,5.4,<,7.8,<,2,<,0.38,<,0.14,<,2.6,<,0.08,<,0.03,<,0.38,<,0.8,<,0.08,<,0.9,<,1.8,<,0.032,<,4.4,<,0.028,<,0.2,<,0.022,<,0.08,<,0.01,<,0.054,<,0.032
STRVPAS2-17,9/4/2019,1200,<,0.24,<,0.2,<,0.025,<,0.12,<,0.04,<,0.05,<,0.044,<,10.0,<,0.068,<,2.4,<,1.4,<,6.2,<,0.04,<,0.03,<,0.046,<,0.044,<,0.025,<,0.006,<,0.08,<,0.02,<,0.004,<,0.028,<,0.08,<,0.004,<,0.026,<,0.06,<,0.034,<,0.2,<,0.2,<,0.025,<,0.1,<,0.12,<,0.036,<,0.26,<,0.036,<,0.034,<,0.042,<,0.01,<,0.058,<,0.06,<,0.025,<,0.1,<,0.14,<,0.025,,0.05,<,0.06,<,0.08,<,5.4,<,7.8,<,2,<,0.38,<,0.14,<,2.6,<,0.08,<,0.03,<,0.38,<,0.8,<,0.08,<,0.9,<,1.8,<,0.032,<,4.4,<,0.028,<,0.2,<,0.022,<,0.08,<,0.01,<,0.054,<,0.032
STRVPAS2-18,9/5/2019,1200,<,0.24,<,0.2,<,0.025,<,0.12,<,0.04,<,0.05,<,0.044,<,10.0,<,0.068,<,2.4,<,1.4,<,6.2,<,0.04,,0.052,<,0.046,<,0.044,<,0.025,<,0.006,<,0.08,<,0.02,<,0.004,<,0.028,<,0.08,<,0.004,<,0.026,<,0.06,<,0.034,<,0.2,<,0.2,<,0.025,<,0.1,<,0.12,<,0.036,<,0.26,<,0.036,<,0.034,<,0.042,<,0.01,<,0.058,<,0.06,<,0.025,<,0.1,<,0.14,<,0.025,<,0.03,<,0.06,<,0.08,<,5.4,<,7.8,<,2,<,0.38,<,0.14,<,2.6,<,0.08,<,0.03,<,0.38,<,0.8,<,0.08,<,0.9,<,1.8,<,0.032,<,4.4,<,0.028,<,0.2,<,0.022,<,0.08,<,0.01,<,0.054,<,0.032
STRVPAS2-20,7/15/2019,1200,<,0.24,<,0.2,<,0.025,<,0.12,<,0.04,<,0.05,<,0.044,<,10.0,<,0.068,<,2.4,<,1.4,<,6.2,<,0.04,<,0.03,<,0.046,<,0.044,<,0.025,<,0.006,<,0.08,<,0.02,<,0.004,<,0.028,<,0.08,<,0.004,<,0.026,<,0.06,<,0.034,<,0.2,<,0.2,<,0.025,<,0.1,<,0.12,<,0.036,<,0.26,<,0.036,<,0.034,<,0.042,<,0.01,<,0.058,<,0.06,<,0.025,<,0.1,<,0.14,<,0.025,<,0.03,<,0.06,<,0.08,<,5.4,<,7.8,<,2,<,0.38,<,0.14,<,2.6,<,0.08,<,0.03,<,0.38,<,0.8,<,0.08,<,0.9,<,1.8,<,0.032,<,4.4,<,0.028,<,0.2,<,0.022,<,0.08,<,0.01,<,0.054,<,0.032
STRVPAS2-21,7/16/2019,1300,<,0.24,<,0.2,<,0.025,<,0.12,<,0.04,<,0.05,<,0.044,<,10.0,<,0.068,<,2.4,<,1.4,<,6.2,<,0.04,<,0.03,<,0.046,<,0.044,<,0.025,<,0.006,<,0.08,<,0.02,<,0.004,<,0.028,<,0.08,<,0.004,<,0.026,<,0.06,<,0.034,<,0.2,<,0.2,<,0.025,<,0.1,<,0.12,<,0.036,<,0.26,<,0.036,<,0.034,<,0.042,<,0.01,<,0.058,<,0.06,<,0.025,<,0.1,<,0.14,<,0.025,<,0.03,<,0.06,<,0.08,<,5.4,<,7.8,<,2,<,0.38,<,0.14,<,2.6,<,0.08,<,0.03,<,0.38,<,0.8,<,0.08,<,0.9,<,1.8,<,0.032,<,4.4,<,0.028,<,0.2,<,0.022,<,0.08,<,0.01,<,0.054,<,0.032
STRVPAS2-22,8/13/2019,1200,<,0.24,<,0.2,<,0.025,<,0.12,<,0.04,<,0.05,<,0.044,<,10.0,<,0.068,<,2.4,<,1.4,<,6.2,<,0.04,<,0.03,<,0.046,<,0.044,<,0.025,<,0.006,<,0.08,<,0.02,<,0.004,<,0.028,<,0.08,<,0.004,<,0.026,<,0.06,<,0.034,<,0.2,<,0.2,<,0.025,<,0.1,<,0.12,<,0.036,<,0.26,<,0.036,<,0.034,<,0.042,<,0.01,<,0.058,<,0.06,<,0.025,<,0.1,<,0.14,<,0.025,<,0.03,<,0.06,<,0.08,<,5.4,<,7.8,<,2,<,0.38,<,0.14,<,2.6,<,0.08,<,0.03,<,0.38,<,0.8,<,0.08,<,0.9,<,1.8,<,0.032,<,4.4,<,0.028,<,0.2,<,0.022,<,0.08,<,0.01,<,0.054,<,0.032
STRVPAS2-23,8/14/2019,1000,<,0.24,<,0.2,<,0.025,<,0.12,<,0.04,<,0.05,<,0.044,<,10.0,<,0.068,<,2.4,<,1.4,<,6.2,<,0.04,<,0.03,<,0.046,<,0.044,<,0.025,<,0.006,<,0.08,<,0.02,<,0.004,<,0.028,<,0.08,<,0.04,<,0.026,<,0.06,<,0.034,<,0.2,<,0.2,<,0.025,<,0.1,<,0.12,<,0.036,<,0.26,<,0.036,<,0.034,<,0.042,,4.95,<,0.058,<,0.06,<,0.025,<,0.1,<,0.14,<,0.025,<,0.03,<,0.06,<,0.08,<,5.4,<,7.8,<,2,<,0.38,<,0.14,<,2.6,<,0.08,<,0.03,<,0.38,<,0.8,<,0.08,<,0.9,<,1.8,<,0.032,<,4.4,<,0.028,<,0.2,<,0.022,<,0.08,<,0.01,<,0.054,<,0.032
STRVPAS2-25,8/20/2019,1300,<,0.24,<,0.2,<,0.025,<,0.12,<,0.04,<,0.05,<,0.044,<,10.0,<,0.068,<,2.4,<,1.4,<,6.2,<,0.04,<,0.03,<,0.046,<,0.044,<,0.025,<,0.006,<,0.08,<,0.02,<,0.004,<,0.028,<,0.08,<,0.004,<,0.026,<,0.06,<,0.034,<,0.2,<,0.2,<,0.025,<,0.1,<,0.12,<,0.036,<,0.26,<,0.036,<,0.034,<,0.042,<,0.01,<,0.058,<,0.06,<,0.025,<,0.1,<,0.14,<,0.025,<,0.03,<,0.06,<,0.08,<,5.4,<,7.8,<,2,<,0.38,<,0.14,<,2.6,<,0.08,<,0.03,<,0.38,<,0.8,<,0.08,<,0.9,<,1.8,<,0.032,<,4.4,<,0.028,<,0.2,<,0.022,<,0.08,<,0.01,<,0.054,<,0.032
STRVPAS2-26,8/22/2019,1200,<,0.24,<,0.2,<,0.025,<,0.12,<,0.04,<,0.05,<,0.044,<,10.0,<,0.068,<,2.4,<,1.4,<,6.2,<,0.04,<,0.03,<,0.046,<,0.044,<,0.025,<,0.006,<,0.08,<,0.02,<,0.004,<,0.028,<,0.08,<,0.004,<,0.026,<,0.06,<,0.034,<,0.2,<,0.2,<,0.025,<,0.1,<,0.12,<,0.036,<,0.26,<,0.036,<,0.034,<,0.042,<,0.01,<,0.058,<,0.06,<,0.025,<,0.1,<,0.14,<,0.025,<,0.03,<,0.06,<,0.08,<,5.4,<,7.8,<,2,<,0.38,<,0.14,<,2.6,<,0.08,<,0.03,<,0.38,<,0.8,<,0.08,<,0.9,<,1.8,<,0.032,<,4.4,<,0.028,<,0.2,<,0.022,<,0.08,<,0.01,<,0.054,<,0.032
STRVPAS2-27,6/3/2019,1200,<,0.24,<,0.2,<,0.025,<,0.12,<,0.04,<,0.05,<,0.044,<,10.0,<,0.068,<,2.4,<,1.4,<,6.2,<,0.04,<,0.03,<,0.046,<,0.044,<,0.025,<,0.006,<,0.08,<,0.02,<,0.004,<,0.028,<,0.08,<,0.004,<,0.026,<,0.06,<,0.034,<,0.2,<,0.2,<,0.025,<,0.1,<,0.12,<,0.036,<,0.26,<,0.036,<,0.034,<,0.042,<,0.01,n,0.03,<,0.06,<,0.025,<,0.1,<,0.14,,0.033,<,0.03,<,0.06,<,0.08,<,5.4,<,7.8,<,2,<,0.38,<,0.14,<,2.6,<,0.08,<,0.03,<,0.38,<,0.8,<,0.08,<,0.9,<,1.8,<,0.032,<,4.4,<,0.028,<,0.2,<,0.022,<,0.08,<,0.01,<,0.054,<,0.032
STRVPAS2-28,6/4/2019,1000,<,0.24,<,0.2,<,0.025,<,0.12,,0.12,<,0.05,<,0.044,<,10.0,<,0.068,<,2.4,<,1.4,<,6.2,<,0.04,n,0.027,<,0.046,<,0.044,<,0.025,<,0.006,<,0.08,<,0.02,<,0.004,<,0.028,<,0.08,<,0.004,<,0.026,<,0.06,<,0.034,<,0.2,<,0.2,,0.032,<,0.1,<,0.12,<,0.036,<,0.26,<,0.036,<,0.034,<,0.042,<,0.01,,0.153,<,0.06,<,0.025,<,0.1,<,0.14,n,0.02,,0.05,<,0.06,<,0.08,<,5.4,<,7.8,<,2,<,0.38,<,0.14,<,2.6,<,0.08,<,0.03,<,0.38,<,0.8,<,0.08,<,0.9,<,1.8,<,0.032,<,4.4,<,0.028,<,0.2,<,0.022,<,0.08,<,0.01,<,0.054,<,0.032
STRVPAS2-29,6/5/2019,1000,<,0.24,<,0.2,<,0.025,<,0.12,<,0.04,<,0.05,<,0.044,<,10.0,<,0.068,<,2.4,<,1.4,<,6.2,<,0.04,n,0.018,<,0.046,<,0.044,<,0.025,<,0.006,<,0.08,<,0.02,<,0.004,<,0.028,<,0.08,<,0.004,<,0.026,<,0.06,<,0.034,<,0.2,<,0.2,<,0.025,<,0.1,<,0.12,<,0.036,<,0.26,<,0.036,<,0.034,<,0.042,<,0.01,,0.408,<,0.06,<,0.025,<,0.1,<,0.14,<,0.025,<,0.03,<,0.06,<,0.08,<,5.4,<,7.8,<,2,<,0.38,<,0.14,<,2.6,<,0.08,<,0.03,<,0.38,<,0.8,<,0.08,<,0.9,<,1.8,<,0.032,<,4.4,<,0.028,<,0.2,<,0.022,<,0.08,<,0.01,<,0.054,<,0.032
STRVPAS2-30,6/10/2019,1100,<,0.24,<,0.2,<,0.025,<,0.12,<,0.04,<,0.05,<,0.044,<,10.0,<,0.068,<,2.4,<,1.4,<,6.2,<,0.04,<,0.03,<,0.046,<,0.044,<,0.025,<,0.006,<,0.08,<,0.02,<,0.004,<,0.028,<,0.08,<,0.004,<,0.026,<,0.06,<,0.034,<,0.2,<,0.2,<,0.025,<,0.1,<,0.12,<,0.036,<,0.26,<,0.036,<,0.034,<,0.042,<,0.01,<,0.058,<,0.06,<,0.025,<,0.1,<,0.14,<,0.025,,0.04,<,0.06,<,0.08,<,5.4,<,7.8,<,2,<,0.38,<,0.14,<,2.6,<,0.08,<,0.03,<,0.38,<,0.8,<,0.08,<,0.9,<,1.8,<,0.032,<,4.4,<,0.028,<,0.2,<,0.022,<,0.08,<,0.01,<,0.054,<,0.032
STRVPAS2-31,8/15/2019,900,<,0.24,<,0.2,<,0.025,<,0.12,<,0.04,<,0.05,<,0.044,<,10.0,<,0.068,<,2.4,<,1.4,<,6.2,<,0.04,,0.048,<,0.046,<,0.044,<,0.025,<,0.006,<,0.08,<,0.02,<,0.004,<,0.028,<,0.08,<,0.004,<,0.026,<,0.06,<,0.034,<,0.2,<,0.2,<,0.025,<,0.1,<,0.12,<,0.036,<,0.26,<,0.036,<,0.034,<,0.042,<,0.01,<,0.058,<,0.06,<,0.025,<,0.1,<,0.14,<,0.025,n,0.02,<,0.06,<,0.08,<,5.4,<,7.8,<,2,<,0.38,<,0.14,<,2.6,<,0.08,<,0.03,<,0.38,<,0.8,<,0.08,<,0.9,<,1.8,<,0.032,<,4.4,<,0.028,<,0.2,<,0.022,<,0.08,<,0.01,<,0.054,<,0.032
STRVPAS2-32,6/12/2019,1000,<,0.24,<,0.2,<,0.025,<,0.12,<,0.04,<,0.05,<,0.044,<,10.0,<,0.068,<,2.4,<,1.4,<,6.2,<,0.04,<,0.03,<,0.046,<,0.044,<,0.025,<,0.006,<,0.08,<,0.02,<,0.004,<,0.028,<,0.08,<,0.004,<,0.026,<,0.06,<,0.034,<,0.2,<,0.2,<,0.025,<,0.1,<,0.12,<,0.036,<,0.26,<,0.036,<,0.034,<,0.042,<,0.01,,0.423,<,0.06,<,0.025,<,0.1,<,0.14,<,0.025,n,0.02,<,0.06,<,0.08,<,5.4,<,7.8,<,2,<,0.38,<,0.14,<,2.6,<,0.08,<,0.03,<,0.38,<,0.8,<,0.08,<,0.9,<,1.8,<,0.032,<,4.4,<,0.028,<,0.2,<,0.022,<,0.08,<,0.01,<,0.054,<,0.032
STRVPAS2-33,7/22/2019,1100,<,0.24,<,0.2,<,0.025,<,0.12,<,0.04,<,0.05,<,0.044,<,10.0,<,0.068,<,2.4,<,1.4,<,6.2,<,0.04,<,0.03,<,0.046,<,0.044,<,0.025,<,0.006,<,0.08,<,0.02,<,0.004,<,0.028,<,0.08,<,0.004,<,0.026,<,0.06,<,0.034,<,0.2,<,0.2,<,0.025,<,0.1,<,0.12,<,0.036,<,0.26,<,0.036,<,0.034,<,0.042,<,0.01,<,0.058,<,0.06,<,0.025,<,0.1,<,0.14,<,0.025,<,0.03,<,0.06,<,0.08,<,5.4,<,7.8,<,2,<,0.38,<,0.14,<,2.6,<,0.08,<,0.03,<,0.38,<,0.8,<,0.08,<,0.9,<,1.8,<,0.032,<,4.4,<,0.028,<,0.2,<,0.022,<,0.08,<,0.01,<,0.054,<,0.032
STRVPAS2-35,7/24/2019,1000,<,0.24,<,0.2,<,0.025,<,0.12,<,0.04,<,0.05,<,0.044,<,10.0,<,0.068,<,2.4,<,1.4,<,6.2,<,0.04,<,0.03,<,0.046,<,0.044,<,0.025,<,0.006,<,0.08,<,0.02,<,0.004,<,0.028,<,0.08,<,0.004,<,0.026,<,0.06,<,0.034,<,0.2,<,0.2,<,0.025,<,0.1,<,0.12,<,0.036,<,0.26,<,0.036,<,0.034,<,0.042,<,0.01,<,0.058,<,0.06,<,0.025,<,0.1,<,0.14,<,0.025,<,0.03,<,0.06,<,0.08,<,5.4,<,7.8,<,2,<,0.38,<,0.14,<,2.6,<,0.08,<,0.03,<,0.38,<,0.8,<,0.08,<,0.9,<,1.8,<,0.032,<,4.4,<,0.028,<,0.2,<,0.022,<,0.08,<,0.01,<,0.054,<,0.032
STRVPAS2-36,7/30/2019,1200,<,0.24,<,0.2,<,0.025,<,0.12,<,0.04,<,0.05,<,0.044,<,10.0,<,0.068,<,2.4,<,1.4,<,6.2,<,0.04,<,0.03,<,0.046,<,0.044,<,0.025,<,0.006,<,0.08,<,0.02,<,0.004,<,0.028,<,0.08,<,0.004,<,0.026,<,0.06,<,0.034,<,0.2,<,0.2,<,0.025,<,0.1,<,0.12,<,0.036,<,0.26,<,0.036,<,0.034,<,0.042,<,0.01,<,0.058,<,0.06,<,0.025,<,0.1,<,0.14,<,0.025,<,0.03,<,0.06,<,0.08,<,5.4,<,7.8,<,2,<,0.38,<,0.14,<,2.6,<,0.08,<,0.03,<,0.38,<,0.8,<,0.08,<,0.9,<,1.8,<,0.032,<,4.4,<,0.028,<,0.2,<,0.022,<,0.08,<,0.01,<,0.054,<,0.032
STRVPAS2-37,7/31/2019,1100,<,0.24,<,0.257,<,0.025,<,0.12,<,0.04,<,0.05,<,0.044,<,10.0,<,0.068,<,2.4,<,1.4,<,6.2,<,0.04,<,0.03,<,0.046,<,0.044,<,0.025,<,0.006,<,0.08,<,0.02,<,0.004,<,0.028,<,0.08,<,0.004,<,0.026,<,0.06,<,0.034,<,0.2,<,0.2,<,0.025,<,0.1,<,0.12,<,0.036,<,0.26,<,0.036,<,0.034,<,0.042,<,0.01,<,0.058,<,0.06,<,0.025,<,0.1,<,0.14,<,0.025,<,0.03,<,0.06,<,0.08,<,5.4,<,7.8,<,2,<,0.38,<,0.14,<,2.6,<,0.08,<,0.03,<,0.38,<,0.8,<,0.08,<,0.9,<,1.8,<,0.032,<,4.4,<,0.028,<,0.2,<,0.022,<,0.08,<,0.01,<,0.054,<,0.032
STRVPAS2-39,8/12/2019,1200,<,0.24,<,0.2,<,0.025,<,0.12,n,0.02,<,0.05,<,0.044,<,10.0,<,0.068,<,2.4,<,1.4,<,6.2,<,0.04,<,0.03,<,0.046,<,0.044,<,0.025,<,0.006,<,0.08,<,0.02,<,0.004,<,0.028,<,0.08,t,0.0009236,<,0.026,<,0.06,<,0.034,<,0.2,<,0.2,<,0.025,<,0.1,<,0.12,<,0.036,<,0.26,<,0.036,<,0.034,<,0.042,<,0.01,<,0.058,<,0.06,<,0.025,<,0.1,<,0.14,<,0.025,<,0.03,<,0.06,<,0.08,<,5.4,<,7.8,<,2,<,0.38,<,0.14,<,2.6,<,0.08,<,0.03,<,0.38,<,0.8,<,0.08,<,0.9,<,1.8,<,0.032,<,4.4,<,0.028,<,0.2,<,0.022,<,0.08,<,0.01,<,0.054,<,0.032
STRVPAS2-41,8/20/2019,1000,<,0.24,<,0.2,<,0.025,<,0.12,<,0.04,<,0.05,<,0.044,<,10.0,<,0.068,<,2.4,<,1.4,<,6.2,<,0.04,<,0.03,<,0.046,<,0.044,<,0.025,<,0.006,<,0.08,<,0.02,<,0.004,<,0.028,<,0.08,<,0.004,<,0.026,<,0.06,<,0.034,<,0.2,<,0.2,<,0.025,<,0.1,<,0.12,<,0.036,<,0.26,<,0.036,<,0.034,<,0.042,<,0.01,<,0.058,<,0.06,<,0.025,<,0.1,<,0.14,<,0.025,,0.12,<,0.06,<,0.08,<,5.4,<,7.8,<,2,<,0.38,<,0.14,<,2.6,<,0.08,<,0.03,<,0.38,<,0.8,<,0.08,<,0.9,<,1.8,<,0.032,<,4.4,<,0.028,<,0.2,<,0.022,<,0.08,<,0.01,<,0.054,<,0.032
STRVPAS2-43,8/28/2019,1100,<,0.24,<,0.2,<,0.025,<,0.12,<,0.04,<,0.05,<,0.044,<,10.0,<,0.068,<,2.4,<,1.4,<,6.2,<,0.04,<,0.03,<,0.046,<,0.044,<,0.025,<,0.006,<,0.08,<,0.02,<,0.004,<,0.028,<,0.08,<,0.004,<,0.026,<,0.06,<,0.034,<,0.2,<,0.2,<,0.025,<,0.1,<,0.12,<,0.036,<,0.26,<,0.036,<,0.034,<,0.042,<,0.01,<,0.058,<,0.06,<,0.025,<,0.1,<,0.14,<,0.025,<,0.03,<,0.06,<,0.08,<,5.4,<,7.8,<,2,<,0.38,<,0.14,<,2.6,<,0.08,<,0.03,<,0.38,<,0.8,<,0.08,<,0.9,<,1.8,<,0.032,<,4.4,<,0.028,<,0.2,<,0.022,<,0.08,<,0.01,<,0.054,<,0.032
STRVPAS2-45,9/5/2019,1100,<,0.24,<,0.2,<,0.025,<,0.12,<,0.04,<,0.05,<,0.044,<,10.0,<,0.068,<,2.4,<,1.4,<,6.2,<,0.04,<,0.03,<,0.046,<,0.044,<,0.025,<,0.006,<,0.08,<,0.02,<,0.004,<,0.028,<,0.08,<,0.004,<,0.026,<,0.06,<,0.034,<,0.2,<,0.2,<,0.025,<,0.1,<,0.12,<,0.036,<,0.26,<,0.036,<,0.034,<,0.042,<,0.01,<,0.058,<,0.06,<,0.025,<,0.1,<,0.14,<,0.025,<,0.03,<,0.06,<,0.08,<,5.4,<,7.8,<,2,<,0.38,<,0.14,<,2.6,<,0.08,<,0.03,<,0.38,<,0.8,<,0.08,<,0.9,<,1.8,<,0.032,<,4.4,<,0.028,<,0.2,<,0.022,<,0.08,<,0.01,<,0.054,<,0.032
STRVPAS2-46,9/10/2019,1000,<,0.24,<,0.2,<,0.025,<,0.12,<,0.04,<,0.05,<,0.044,<,10.0,<,0.068,<,2.4,<,1.4,<,6.2,<,0.04,<,0.03,<,0.046,<,0.044,<,0.025,<,0.006,<,0.08,<,0.02,<,0.004,<,0.028,<,0.08,<,0.004,<,0.026,<,0.06,<,0.034,<,0.2,<,0.2,<,0.025,<,0.1,<,0.12,<,0.036,<,0.26,<,0.036,<,0.034,<,0.042,<,0.01,<,0.058,<,0.06,<,0.025,<,0.1,<,0.14,<,0.025,<,0.03,<,0.06,<,0.08,<,5.4,<,7.8,<,2,<,0.38,<,0.14,<,2.6,<,0.08,<,0.03,<,0.38,<,0.8,<,0.08,<,0.9,<,1.8,<,0.032,<,4.4,<,0.028,<,0.2,<,0.022,<,0.08,<,0.01,<,0.054,<,0.032
STRVPAS2-47,9/11/2019,1000,<,0.24,<,0.2,<,0.025,<,0.12,<,0.04,<,0.05,<,0.044,<,10.0,<,0.068,<,2.4,<,1.4,<,6.2,<,0.04,<,0.03,<,0.046,,0.07,<,0.025,<,0.006,<,0.08,<,0.02,<,0.004,<,0.028,<,0.08,<,0.004,<,0.026,<,0.06,<,0.034,<,0.2,<,0.2,<,0.025,<,0.1,<,0.12,<,0.036,<,0.26,<,0.036,<,0.034,<,0.042,<,0.01,<,0.058,<,0.06,<,0.025,<,0.1,<,0.14,<,0.025,<,0.03,<,0.06,<,0.08,<,5.4,<,7.8,<,2,<,0.38,<,0.14,<,2.6,<,0.08,<,0.03,<,0.38,<,0.8,<,0.08,<,0.9,<,1.8,<,0.032,<,4.4,<,0.028,<,0.2,<,0.022,<,0.08,<,0.01,<,0.054,<,0.032
STRVPAS2-48,9/12/2019,1100,<,0.24,<,0.2,<,0.025,<,0.12,<,0.04,<,0.05,<,0.044,<,10.0,<,0.068,<,2.4,<,1.4,<,6.2,<,0.04,<,0.03,<,0.046,<,0.044,<,0.025,<,0.006,<,0.08,<,0.02,<,0.004,<,0.028,<,0.08,<,0.004,<,0.026,<,0.06,<,0.034,<,0.2,<,0.2,<,0.025,<,0.1,<,0.12,<,0.036,<,0.26,<,0.036,<,0.034,<,0.042,<,0.01,<,0.058,<,0.06,<,0.025,<,0.1,<,0.14,<,0.025,<,0.03,<,0.06,<,0.08,<,5.4,<,7.8,<,2,<,0.38,<,0.14,<,2.6,<,0.08,<,0.03,<,0.38,<,0.8,<,0.08,<,0.9,<,1.8,<,0.032,<,4.4,<,0.028,<,0.2,<,0.022,<,0.08,<,0.01,<,0.054,<,0.032
STRVPAS2-49,9/17/2019,1100,<,0.24,<,0.2,<,0.025,<,0.12,<,0.04,<,0.05,<,0.044,<,10.0,<,0.068,<,2.4,<,1.4,<,6.2,<,0.04,<,0.03,<,0.046,<,0.044,<,0.025,<,0.006,<,0.08,<,0.02,<,0.004,<,0.028,<,0.08,,0.041,<,0.026,<,0.06,<,0.034,<,0.2,<,0.2,<,0.025,<,0.1,<,0.12,<,0.036,<,0.26,<,0.036,<,0.034,<,0.042,<,0.01,<,0.058,<,0.06,<,0.025,<,0.1,<,0.14,<,0.032,<,0.03,<,0.06,<,0.08,<,5.4,<,7.8,<,2,<,0.38,<,0.14,<,2.6,<,0.08,<,0.03,<,0.38,<,0.8,<,0.08,<,0.9,<,1.8,<,0.032,<,4.4,<,0.028,<,0.2,<,0.022,<,0.08,<,0.01,<,0.054,<,0.032
STRVPAS2-50,9/19/2019,1100,<,0.24,<,0.2,<,0.025,<,0.12,<,0.04,<,0.05,<,0.044,<,10.0,<,0.068,<,2.4,<,1.4,<,6.2,<,0.04,<,0.03,<,0.046,<,0.044,<,0.025,<,0.006,<,0.08,<,0.02,<,0.004,<,0.028,<,0.08,<,0.004,<,0.026,<,0.06,<,0.034,<,0.2,<,0.2,<,0.025,<,0.1,<,0.12,<,0.036,<,0.26,<,0.036,<,0.034,<,0.042,<,0.01,<,0.058,<,0.06,<,0.025,<,0.1,<,0.14,<,0.025,<,0.03,<,0.06,<,0.08,<,5.4,<,7.8,<,2,<,0.38,<,0.14,<,2.6,<,0.08,<,0.03,<,0.38,<,0.8,<,0.08,<,0.9,<,1.8,<,0.032,<,4.4,<,0.028,<,0.2,<,0.022,<,0.08,<,0.01,<,0.054,<,0.032
STRVPAS2-51,9/24/2019,1100,<,0.24,<,0.2,<,0.025,<,0.12,<,0.04,<,0.05,<,0.044,,,<,0.068,<,2.4,<,1.4,<,5.2,<,0.04,<,0.03,<,0.046,<,0.044,<,0.025,<,0.006,<,0.08,<,0.02,<,0.004,<,0.028,<,0.08,,0.0062,<,0.026,<,0.06,<,0.034,<,0.2,<,0.2,<,0.025,<,0.1,<,0.12,<,0.036,<,0.26,<,0.036,<,0.034,<,0.042,<,0.01,<,0.058,<,0.06,<,0.025,<,0.1,<,0.14,<,0.025,<,0.03,<,0.06,<,0.08,<,5.4,<,7.8,<,2,<,0.38,<,1.0,<,2.6,<,0.08,<,0.03,<,0.38,<,0.8,<,0.08,<,0.4,<,1.8,<,0.032,<,4.4,<,0.028,<,0.2,<,0.022,<,0.08,<,0.01,<,0.054,<,0.032
STRVPAS2-52,7/22/2019,1200,<,0.24,<,0.2,<,0.02,<,0.12,<,0.04,<,0.05,<,0.04,<,10.0,<,0.06,<,2.4,<,1.4,<,6.2,<,0.04,<,0.03,<,0.04,,0.02,<,0.02,<,0.006,<,0.08,<,0.02,<,0.004,<,0.02,<,0.08,<,0.004,<,0.02,<,0.06,<,0.03,<,0.2,<,0.2,<,0.02,<,0.1,<,0.12,<,0.03,<,0.26,<,0.03,<,0.03,<,0.04,<,0.01,<,0.05,<,0.06,<,0.02,<,0.1,<,0.14,<,0.02,,0.02,<,0.06,<,0.08,<,5.4,<,7.8,<,2,<,0.38,<,0.14,<,2.6,<,0.08,<,0.03,<,0.38,<,0.8,<,0.08,<,0.9,<,1.8,<,0.03,<,4.4,<,0.02,<,0.2,<,0.02,<,0.08,<,0.01,<,0.05,<,0.03
STRVPAS2-53,7/23/2019,800,<,0.24,<,0.2,<,0.02,<,0.12,<,0.04,<,0.05,<,0.04,<,10.0,<,0.06,<,2.4,<,1.4,<,6.2,<,0.04,<,0.03,<,0.04,<,0.04,<,0.02,<,0.006,<,0.08,<,0.02,<,0.004,<,0.02,<,0.08,<,0.004,<,0.02,<,0.06,<,0.03,<,0.2,<,0.2,<,0.02,<,0.1,<,0.12,<,0.03,<,0.26,<,0.03,<,0.03,<,0.04,<,0.01,<,0.05,<,0.06,<,0.02,<,0.1,<,0.14,<,0.02,,0.02,<,0.06,<,0.08,<,5.4,<,7.8,<,2,<,0.38,<,0.14,<,2.6,<,0.08,<,0.03,<,0.38,<,0.8,<,0.08,<,0.9,<,1.8,<,0.03,<,4.4,<,0.02,<,0.2,<,0.02,<,0.08,<,0.01,<,0.05,<,0.03
STRVPAS2-54,7/23/2019,1200,<,0.24,<,0.2,<,0.02,<,0.12,,0.01,<,0.05,<,0.04,<,10.0,<,0.06,<,2.4,<,1.4,<,6.2,<,0.04,,0.01,<,0.04,<,0.04,<,0.02,<,0.006,<,0.08,<,0.02,<,0.004,<,0.02,<,0.08,<,0.004,<,0.02,<,0.06,<,0.03,<,0.2,<,0.2,<,0.02,<,0.1,<,0.12,<,0.03,<,0.26,<,0.03,<,0.03,<,0.04,<,0.01,,0.01,<,0.06,<,0.02,<,0.1,<,0.14,<,0.02,,0.06,<,0.06,<,0.08,<,5.4,<,7.8,<,2,<,0.38,<,0.14,<,2.6,<,0.08,<,0.03,<,0.38,<,0.8,<,0.08,<,0.9,<,1.8,<,0.03,<,4.4,<,0.02,<,0.2,<,0.02,<,0.08,<,0.01,<,0.05,<,0.03
STRVPAS2-55,7/24/2019,900,<,0.24,<,0.2,<,0.02,<,0.12,<,0.04,<,0.05,<,0.04,<,10.0,<,0.06,<,2.4,<,1.4,<,6.2,<,0.04,<,0.03,<,0.04,<,0.04,<,0.02,<,0.006,<,0.08,<,0.02,<,0.004,<,0.02,<,0.08,<,0.004,<,0.02,<,0.06,<,0.03,<,0.2,<,0.2,<,0.02,<,0.1,<,0.12,<,0.03,<,0.26,<,0.03,<,0.03,<,0.04,<,0.01,<,0.05,<,0.06,<,0.02,<,0.1,<,0.14,,0.02,,0.31,<,0.06,<,0.08,<,5.4,<,7.8,<,2,<,0.38,<,0.14,<,2.6,<,0.08,<,0.03,<,0.38,<,0.8,<,0.08,<,0.9,<,1.8,<,0.03,<,4.4,<,0.02,<,0.2,<,0.02,<,0.08,<,0.01,<,0.05,<,0.03
STRVPAS2-56,7/29/2019,1200,<,0.24,<,0.2,<,0.025,<,0.12,<,0.04,<,0.05,<,0.044,<,10.0,<,0.068,<,2.4,<,1.4,<,6.2,<,0.04,<,0.03,<,0.046,<,0.044,<,0.025,<,0.006,<,0.08,<,0.02,<,0.004,<,0.028,<,0.08,<,0.004,<,0.026,<,0.06,<,0.034,<,0.2,<,0.2,<,0.025,<,0.1,<,0.12,<,0.036,<,0.26,<,0.036,<,0.034,<,0.042,<,0.01,<,0.058,<,0.06,<,0.025,<,0.1,<,0.14,<,0.025,<,0.03,<,0.06,<,0.08,<,5.4,<,7.8,<,2,<,0.38,<,0.14,<,2.6,<,0.08,<,0.03,<,0.38,<,0.8,<,0.08,<,0.9,<,1.8,<,0.032,<,4.4,<,0.028,<,0.2,<,0.022,<,0.08,<,0.01,<,0.054,<,0.032
STRVPAS2-57,7/30/2019,900,<,0.24,<,0.2,<,0.025,<,0.12,<,0.04,<,0.05,<,0.044,<,10.0,<,0.068,<,2.4,<,1.4,<,6.2,<,0.04,<,0.03,<,0.046,<,0.044,<,0.025,<,0.006,<,0.08,<,0.02,<,0.004,<,0.028,<,0.08,<,0.004,<,0.026,<,0.06,<,0.034,<,0.2,<,0.2,<,0.025,<,0.1,<,0.12,<,0.036,<,0.26,<,0.036,<,0.034,<,0.042,<,0.01,<,0.058,<,0.06,<,0.025,<,0.1,<,0.14,<,0.025,<,0.03,<,0.06,<,0.08,<,5.4,<,7.8,<,2,<,0.38,<,0.14,<,2.6,<,0.08,<,0.03,<,0.38,<,0.8,<,0.08,<,0.9,<,1.8,<,0.032,<,4.4,<,0.028,<,0.2,<,0.022,<,0.08,<,0.01,<,0.054,<,0.032
STRVPAS2-59,7/31/2019,900,<,0.24,<,0.2,<,0.02,<,0.12,<,0.04,<,0.05,<,0.04,<,10.0,<,0.06,<,2.4,<,1.4,<,6.2,<,0.04,<,0.03,<,0.04,<,0.04,<,0.02,<,0.006,<,0.08,<,0.02,<,0.004,<,0.02,<,0.08,<,0.004,<,0.02,<,0.06,<,0.03,<,0.2,<,0.2,<,0.02,<,0.1,<,0.12,<,0.03,<,0.26,<,0.03,<,0.03,<,0.04,<,0.01,<,0.05,<,0.06,<,0.02,<,0.1,<,0.14,<,0.02,<,0.03,<,0.06,<,0.08,<,5.4,<,7.8,<,2,<,0.38,<,0.14,<,2.6,<,0.08,<,0.03,<,0.38,<,0.8,<,0.08,<,0.9,<,1.8,<,0.03,<,4.4,<,0.02,<,0.2,<,0.02,<,0.08,<,0.01,<,0.05,<,0.03
SURFPAS1-01,10/28/2019,1000,<,0.24,<,0.2,<,0.025,<,0.12,<,0.04,<,0.05,<,0.044,,,<,0.068,<,2.4,<,1.4,<,5.2,<,0.04,<,0.03,<,0.046,<,0.044,<,0.025,<,0.006,<,0.08,<,0.02,<,0.004,<,0.028,<,0.08,<,0.004,<,0.026,<,0.06,<,0.034,<,0.2,<,0.2,<,0.025,<,0.1,<,0.12,<,0.036,<,0.26,<,0.036,<,0.034,<,0.042,<,0.01,<,0.058,<,0.06,<,0.025,<,0.1,<,0.14,<,0.025,<,0.03,<,0.06,<,0.08,<,5.4,<,7.8,<,2,<,0.38,<,0.14,<,2.6,<,0.08,<,0.03,<,0.38,<,0.8,<,0.08,<,0.4,<,1.8,<,0.032,<,4.4,<,0.028,<,0.2,<,0.022,<,0.08,<,0.01,<,0.054,<,0.032
SURFPAS1-02,10/28/2019,1800,<,0.24,<,0.2,<,0.025,<,0.12,<,0.04,<,0.05,<,0.044,,,<,0.068,<,2.4,<,1.4,<,5.2,<,0.04,<,0.03,<,0.046,<,0.044,<,0.025,<,0.006,<,0.08,<,0.02,<,0.004,<,0.028,<,0.08,<,0.004,n,0.015,<,0.06,<,0.034,<,0.2,<,0.2,n,0.016,<,0.1,<,0.12,<,0.036,<,0.26,<,0.036,<,0.034,<,0.042,<,0.3,<,0.058,<,0.06,<,0.025,<,0.1,<,0.14,<,0.025,<,0.03,<,0.06,<,0.08,<,5.4,<,7.8,<,2,<,0.38,<,0.14,<,2.6,<,0.08,<,0.03,<,0.38,<,0.8,<,0.08,<,0.4,<,1.8,<,0.032,<,4.4,<,0.028,<,0.2,<,0.022,<,0.08,<,0.01,<,0.054,<,0.032
SURFPAS1-04,10/29/2019,1000,<,0.24,<,0.2,<,0.025,<,0.12,<,0.04,<,0.05,<,0.044,,,<,0.068,<,2.4,<,1.4,<,5.2,<,0.04,<,0.03,<,0.046,<,0.044,<,0.025,<,0.006,<,0.08,<,0.02,<,0.004,<,0.028,<,0.08,,0.0079,<,0.026,<,0.06,<,0.034,<,0.2,<,0.2,<,0.025,<,0.1,<,0.12,<,0.036,<,0.26,<,0.036,<,0.034,<,0.042,<,0.01,<,0.058,<,0.06,<,0.025,<,0.1,<,0.14,<,0.025,<,0.03,<,0.06,<,0.08,<,5.4,<,7.8,<,2,<,0.38,<,0.14,<,2.6,<,0.08,<,0.03,<,0.38,<,0.8,<,0.08,<,0.4,<,1.8,<,0.032,<,4.4,<,0.028,<,0.2,<,0.022,<,0.08,<,0.01,<,0.054,<,0.032
SURFPAS1-05,10/29/2019,1700,<,0.24,<,0.2,<,0.025,<,0.12,<,0.04,<,0.05,<,0.044,,,<,0.068,<,2.4,<,1.4,<,5.2,<,0.04,<,0.03,<,0.046,<,0.044,<,0.025,<,0.006,<,0.08,<,0.02,<,0.004,<,0.028,<,0.08,<,0.004,<,0.026,<,0.06,<,0.034,<,0.2,<,0.2,<,0.025,<,0.1,<,0.12,<,0.036,<,0.26,<,0.036,<,0.034,<,0.042,<,0.01,<,0.058,<,0.06,<,0.025,<,0.1,<,0.14,<,0.025,<,0.03,<,0.06,<,0.08,<,5.4,<,7.8,<,2,<,0.38,<,0.14,<,2.6,<,0.08,<,0.03,<,0.38,<,0.8,<,0.08,<,0.4,<,1.8,<,0.032,<,4.4,<,0.028,<,0.2,<,0.022,<,0.08,<,0.01,<,0.054,<,0.032
SURFPAS1-06,10/29/2019,1400,<,0.24,<,0.2,<,0.025,<,0.12,<,0.04,<,0.05,<,0.044,,,<,0.068,<,2.4,<,1.4,<,5.2,<,0.04,<,0.03,<,0.046,<,0.044,<,0.025,<,0.006,<,0.08,<,0.02,<,0.004,<,0.028,<,0.08,<,0.004,<,0.026,<,0.06,<,0.034,<,0.2,<,0.2,,0.045,<,0.1,<,0.12,<,0.036,<,0.26,<,0.036,<,0.034,<,0.042,<,0.01,<,0.058,<,0.06,<,0.025,<,0.1,<,0.14,<,0.025,<,0.03,<,0.06,<,0.08,<,5.4,<,7.8,<,2,<,0.38,<,0.14,<,2.6,<,0.08,<,0.03,<,0.38,<,0.8,<,0.08,<,0.4,<,1.8,<,0.032,<,4.4,<,0.028,<,0.2,<,0.022,<,0.08,<,0.01,<,0.054,<,0.032
SURFPAS1-07,10/30/2019,1500,<,0.24,<,0.2,<,0.025,<,0.12,<,0.04,<,0.05,<,0.044,,,<,0.068,<,2.4,<,1.4,<,5.2,<,0.04,<,0.03,<,0.046,<,0.044,<,0.025,<,0.006,<,0.08,<,0.02,<,0.004,<,0.028,<,0.08,<,0.004,<,0.026,<,0.06,<,0.034,<,0.2,<,0.2,<,0.025,<,0.1,<,0.12,<,0.036,<,0.26,<,0.036,<,0.034,<,0.042,<,0.01,<,0.058,<,0.06,<,0.025,<,0.1,<,0.14,<,0.025,<,0.03,<,0.06,<,0.08,<,5.4,<,7.8,<,2,<,0.38,<,0.14,<,2.6,<,0.08,<,0.03,<,0.38,<,0.8,<,0.08,<,0.4,<,1.8,<,0.032,<,4.4,<,0.028,<,0.2,<,0.022,<,0.08,<,0.01,<,0.054,<,0.032
SURFPAS1-10,10/30/2019,1000,<,0.24,<,0.2,<,0.025,<,0.12,n,0.02,<,0.05,<,0.044,,,<,0.068,<,2.4,<,1.4,<,5.2,<,0.04,<,0.03,<,0.046,<,0.044,<,0.025,<,0.006,<,0.08,<,0.02,<,0.004,<,0.028,<,0.08,<,0.004,<,0.026,<,0.06,<,0.034,<,0.2,<,0.2,<,0.025,<,0.1,<,0.12,<,0.036,<,0.26,<,0.036,<,0.034,<,0.042,<,0.3,<,0.058,<,0.06,<,0.025,<,0.1,<,0.14,<,0.025,<,0.03,<,0.06,<,0.08,<,5.4,<,7.8,<,2,<,0.38,<,0.14,<,2.6,<,0.08,<,0.03,<,0.38,<,0.8,<,0.08,<,0.4,<,1.8,<,0.032,<,4.4,<,0.028,<,0.2,<,0.022,<,0.08,<,0.01,<,0.054,<,0.032
SURFPAS1-11,11/12/2019,1100,<,0.24,<,0.2,<,0.025,<,0.12,,0.86,<,0.05,<,0.044,,,<,0.068,<,2.4,<,1.4,<,5.2,<,0.04,<,0.03,<,0.046,<,0.044,<,0.025,<,0.006,<,0.08,<,0.02,<,0.004,<,0.028,<,0.08,<,0.004,<,0.026,<,0.06,<,0.034,<,0.2,<,0.2,<,0.025,<,0.1,<,0.12,<,0.036,<,0.26,<,0.036,<,0.034,<,0.042,<,0.3,<,0.058,<,0.06,<,0.025,<,0.1,<,0.14,<,0.025,<,0.03,<,0.06,<,0.08,<,5.4,<,7.8,<,2,<,0.38,,,<,2.6,<,0.08,<,0.03,<,0.38,<,0.8,<,0.08,<,0.4,<,1.8,<,0.032,<,4.4,<,0.028,<,0.2,<,0.022,<,0.08,<,0.01,<,0.054,<,0.032
SURFPAS1-13,11/13/2019,1100,<,0.24,<,0.2,<,0.025,<,0.12,,13.2,<,0.05,<,0.044,,,<,0.068,<,2.4,<,1.4,<,5.2,<,0.04,<,0.03,<,0.046,<,0.044,<,0.025,<,0.006,<,0.08,<,0.02,<,0.004,<,0.028,<,0.08,<,0.004,<,0.026,<,0.06,<,0.034,<,0.2,<,0.2,<,0.025,<,0.1,<,0.12,<,0.036,<,0.26,<,0.036,<,0.034,<,0.042,<,0.3,<,0.058,<,0.06,<,0.025,<,0.1,<,0.14,<,0.025,<,0.03,<,0.06,<,0.08,<,5.4,<,7.8,<,2,<,0.38,,,<,2.6,<,0.08,<,0.03,<,0.38,<,0.8,<,0.08,<,0.4,<,1.8,<,0.032,<,4.4,<,0.028,<,0.2,<,0.022,<,0.08,<,0.01,<,0.054,<,0.032
SURFPAS1-14,11/11/2019,1200,<,0.24,<,0.2,<,0.025,<,0.12,,0.09,<,0.05,<,0.044,,,<,0.068,<,2.4,<,1.4,<,5.2,<,0.04,<,0.03,<,0.046,<,0.044,<,0.025,<,0.006,<,0.08,<,0.02,<,0.004,<,0.028,<,0.08,<,0.004,<,0.026,<,0.06,<,0.034,<,0.2,<,0.2,,0.081,<,0.1,<,0.12,<,0.036,<,0.26,<,0.036,<,0.034,<,0.042,<,0.3,<,0.058,<,0.06,<,0.025,<,0.1,<,0.14,<,0.025,<,0.1,<,0.06,<,0.08,<,5.4,<,7.8,<,2,<,0.38,,,<,2.6,<,0.08,<,0.03,<,0.38,<,0.8,<,0.08,<,0.4,<,1.8,<,0.032,<,4.4,<,0.028,<,0.2,<,0.022,<,0.08,<,0.01,<,0.054,<,0.032
SURFPAS1-15,11/11/2019,900,<,0.24,<,0.2,<,0.025,<,0.12,<,0.04,<,0.05,<,0.044,,,<,0.068,<,2.4,<,1.4,<,5.2,<,0.04,<,0.03,<,0.046,<,0.044,<,0.025,<,0.006,<,0.08,<,0.02,<,0.004,<,0.028,<,0.08,<,0.004,<,0.026,<,0.06,<,0.034,<,0.2,<,0.2,<,0.025,<,0.1,<,0.12,<,0.036,<,0.26,<,0.036,<,0.034,<,0.042,<,0.3,<,0.058,<,0.06,<,0.025,<,0.1,<,0.14,<,0.025,<,0.03,<,0.06,<,0.08,<,5.4,<,7.8,<,2,<,0.38,,,<,2.6,<,0.08,<,0.03,<,0.38,<,0.8,<,0.08,<,0.4,<,1.8,<,0.032,<,4.4,<,0.028,<,0.2,<,0.022,<,0.08,<,0.01,<,0.054,<,0.032
SURFPAS1-16,11/14/2019,1600,<,0.24,<,0.2,<,0.025,<,0.12,<,0.04,t,0.01,<,0.044,,,<,0.068,<,2.4,<,1.4,<,5.2,<,0.04,<,0.03,<,0.046,<,0.044,<,0.025,<,0.006,<,0.08,<,0.02,<,0.004,<,0.028,<,0.08,<,0.004,<,0.026,<,0.06,<,0.034,<,0.2,<,0.2,<,0.025,<,0.1,<,0.12,<,0.036,<,0.26,<,0.036,<,0.034,<,0.042,<,0.3,<,0.058,<,0.06,<,0.025,<,0.1,<,0.14,<,0.025,<,0.1,<,0.06,<,0.08,<,5.4,<,7.8,<,2,<,0.38,,,<,2.6,<,0.08,<,0.03,<,0.38,<,0.8,<,0.08,<,0.4,<,1.8,<,0.032,<,4.4,<,0.028,<,0.2,<,0.022,<,0.08,<,0.01,<,0.054,<,0.032
SURFPAS1-17,11/19/2019,1300,<,0.24,<,0.2,<,0.025,<,0.12,t,0.02,<,0.05,<,0.044,,,<,0.068,<,2.4,<,1.4,<,5.2,<,0.04,<,0.03,<,0.046,<,0.044,<,0.025,<,0.006,<,0.08,<,0.02,<,0.004,<,0.028,<,0.08,<,0.004,<,0.026,<,0.06,<,0.034,<,0.2,<,0.2,,0.026,<,0.1,<,0.12,<,0.036,<,0.26,<,0.036,<,0.034,<,0.042,<,0.01,<,0.058,<,0.06,<,0.025,<,0.1,<,0.14,<,0.025,<,0.03,<,0.06,<,0.08,<,5.4,<,7.8,<,2,<,0.38,<,0.2,<,2.6,<,0.08,<,0.03,<,0.38,<,0.8,<,0.08,<,0.4,<,1.8,<,0.032,<,4.4,<,0.028,<,0.2,<,0.022,<,0.08,<,0.01,<,0.054,<,0.032
SURFPAS1-18,11/19/2019,900,<,0.24,<,0.2,<,0.025,<,0.12,n,0.02,<,0.05,<,0.044,,,<,0.068,<,2.4,<,1.4,<,5.2,<,0.04,<,0.03,<,0.046,<,0.044,<,0.025,<,0.006,<,0.08,<,0.02,<,0.004,<,0.028,<,0.08,<,0.004,<,0.026,<,0.06,<,0.034,<,0.2,<,0.2,<,0.025,<,0.1,<,0.12,<,0.036,<,0.26,<,0.036,<,0.034,<,0.042,<,0.01,<,0.058,<,0.06,<,0.025,<,0.1,<,0.14,<,0.025,<,0.03,<,0.06,<,0.08,<,5.4,<,7.8,<,2,<,0.38,<,0.2,<,2.6,<,0.08,<,0.03,<,0.38,<,0.8,<,0.08,<,0.4,<,1.8,<,0.032,<,4.4,<,0.028,<,0.2,<,0.022,<,0.08,<,0.01,<,0.054,<,0.032
SURFPAS1-20,12/3/2019,1400,<,0.24,<,0.2,<,0.025,<,0.12,<,0.04,<,0.05,<,0.044,,,<,0.068,<,2.4,<,1.4,<,5.2,<,0.04,<,0.03,<,0.046,<,0.044,<,0.025,<,0.006,<,0.08,<,0.02,<,0.004,<,0.028,<,0.08,<,0.004,<,0.026,<,0.06,<,0.034,<,0.2,<,0.2,<,0.025,<,0.1,<,0.12,<,0.036,<,0.26,<,0.036,<,0.034,<,0.042,<,0.01,<,0.058,<,0.06,<,0.025,<,0.1,<,0.14,<,0.025,<,0.03,<,0.06,<,0.08,<,5.4,<,7.8,<,2,<,0.38,<,0.14,<,2.6,<,0.08,<,0.03,<,0.38,<,0.8,<,0.08,<,0.4,<,1.8,<,0.032,<,4.4,<,0.028,<,0.2,<,0.022,<,0.08,<,0.01,<,0.054,<,0.032
SURFPAS1-22,11/20/2019,1200,<,0.24,<,0.2,<,0.025,<,0.12,<,0.04,<,0.05,<,0.044,,,<,0.068,<,2.4,<,1.4,<,5.2,<,0.04,<,0.03,<,0.046,<,0.044,<,0.025,<,0.006,<,0.08,<,0.02,<,0.004,,0.029,<,0.08,<,0.004,,0.038,<,0.06,t,0.011,<,0.2,<,0.2,n,0.015,<,0.1,<,0.12,<,0.036,<,0.26,<,0.036,<,0.034,<,0.042,<,0.3,<,0.058,<,0.06,<,0.025,<,0.1,<,0.14,<,0.025,,0.23,<,0.06,<,0.08,<,5.4,<,7.8,<,2,<,0.38,<,0.14,<,2.6,<,0.08,<,0.03,<,0.38,<,0.8,<,0.08,<,0.4,<,1.8,<,0.032,<,4.4,<,0.028,<,0.2,<,0.022,<,0.08,<,0.01,<,0.054,<,0.032
SURFPAS1-23,11/20/2019,1500,<,0.24,<,0.2,<,0.025,<,0.12,<,0.04,<,0.05,<,0.044,,,<,0.068,<,2.4,<,1.4,<,5.2,<,0.04,<,0.03,<,0.046,<,0.044,<,0.025,<,0.006,<,0.08,<,0.02,<,0.004,<,0.028,<,0.08,<,0.004,<,0.026,<,0.06,<,0.034,<,0.2,<,0.2,<,0.025,<,0.1,<,0.12,<,0.036,<,0.26,<,0.036,<,0.034,<,0.042,<,0.3,<,0.058,<,0.06,<,0.025,<,0.1,<,0.14,<,0.025,<,0.03,<,0.06,<,0.08,<,5.4,<,7.8,<,2,<,0.38,<,0.2,<,2.6,<,0.08,<,0.03,<,0.38,<,0.8,<,0.08,<,0.4,<,1.8,<,0.032,<,4.4,<,0.028,<,0.2,<,0.022,<,0.08,<,0.01,<,0.054,<,0.032
SURFPAS1-24,11/21/2019,1400,<,0.24,<,0.2,<,0.025,<,0.12,t,0.02,<,0.05,<,0.044,,,<,0.068,<,2.4,<,1.4,<,5.2,<,0.04,<,0.03,<,0.046,<,0.044,<,0.025,<,0.006,<,0.08,<,0.02,<,0.004,<,0.028,<,0.08,<,0.004,<,0.026,<,0.06,<,0.034,<,0.2,<,0.2,<,0.025,<,0.1,<,0.12,<,0.036,<,0.26,<,0.036,<,0.034,<,0.042,<,0.3,<,0.058,<,0.06,<,0.025,<,0.1,<,0.14,<,0.025,<,0.03,<,0.06,<,0.08,<,5.4,<,7.8,<,2,<,0.38,<,0.14,<,2.6,<,0.08,<,0.03,<,0.38,<,0.8,<,0.08,<,0.4,<,1.8,<,0.032,<,4.4,<,0.028,<,0.2,<,0.022,<,0.08,<,0.01,<,0.054,<,0.032
SURFPAS1-25,11/21/2019,900,<,0.24,<,0.2,<,0.025,<,0.12,,0.91,<,0.05,<,0.044,<,10.0,<,0.068,<,2.4,<,1.4,<,5.2,<,0.04,<,0.03,<,0.046,<,0.044,<,0.025,<,0.006,<,0.08,<,0.02,<,0.004,<,0.028,<,0.08,<,0.004,<,0.026,<,0.06,<,0.034,<,0.2,<,0.2,<,0.025,<,0.1,<,0.12,<,0.036,<,0.26,<,0.036,<,0.034,<,0.042,<,0.01,<,0.058,<,0.06,<,0.025,<,0.1,<,0.14,<,0.025,<,0.03,<,0.06,<,0.08,<,5.4,<,7.8,<,2,<,0.38,<,0.2,<,2.6,<,0.08,<,0.03,<,0.38,<,0.8,<,0.08,<,0.4,<,1.8,<,0.032,<,4.4,<,0.028,<,0.2,<,0.022,<,0.08,<,0.01,<,0.054,<,0.032
SURFPAS1-26,12/4/2019,1300,<,0.24,<,0.2,<,0.025,<,0.12,<,0.04,<,0.05,<,0.044,,,<,0.068,<,2.4,<,1.4,<,5.2,<,0.04,<,0.03,<,0.046,<,0.044,<,0.025,<,0.006,<,0.08,<,0.02,<,0.004,<,0.028,<,0.08,<,0.004,<,0.026,<,0.06,<,0.034,<,0.2,<,0.2,<,0.025,<,0.1,<,0.12,<,0.036,<,0.26,<,0.036,<,0.034,<,0.042,<,0.3,<,0.058,<,0.06,<,0.025,<,0.1,<,0.14,<,0.025,<,0.03,<,0.06,<,0.08,<,5.4,<,7.8,<,2,<,0.38,<,0.14,<,2.6,<,0.08,<,0.03,<,0.38,<,0.8,<,0.08,<,0.4,<,1.8,<,0.032,<,4.4,<,0.028,<,0.2,<,0.022,<,0.08,<,0.01,<,0.054,<,0.032
SURFPAS1-28,12/5/2019,1400,<,0.24,<,0.2,<,0.025,<,0.12,<,0.04,<,0.05,<,0.044,,,<,0.068,<,2.4,<,1.4,<,5.2,<,0.04,<,0.03,<,0.046,<,0.044,<,0.025,<,0.006,<,0.08,<,0.02,<,0.004,<,0.028,<,0.08,<,0.004,<,0.026,<,0.06,<,0.034,<,0.2,<,0.2,<,0.025,<,0.1,<,0.12,<,0.036,<,0.26,<,0.036,<,0.034,<,0.042,<,0.01,<,0.058,<,0.06,<,0.025,<,0.1,<,0.14,<,0.025,<,0.03,<,0.06,<,0.08,<,5.4,<,7.8,<,2,<,0.38,<,0.14,<,2.6,<,0.08,<,0.03,<,0.38,<,0.8,<,0.08,<,0.4,<,1.8,<,0.032,<,4.4,<,0.028,<,0.2,<,0.022,<,0.08,<,0.01,<,0.054,<,0.032
SURFPAS1-30,11/18/2019,1300,<,0.24,<,0.2,<,0.025,<,0.12,,0.3,<,0.05,<,0.044,,,<,0.068,<,2.4,<,1.4,<,5.2,<,0.04,<,0.03,<,0.046,<,0.044,<,0.025,<,0.006,<,0.08,<,0.02,<,0.004,<,0.028,<,0.08,<,0.004,<,0.026,<,0.06,<,0.034,<,0.2,<,0.2,<,0.025,<,0.1,<,0.12,<,0.036,<,0.26,<,0.036,<,0.034,<,0.042,<,0.3,<,0.058,<,0.06,<,0.025,<,0.1,<,0.14,<,0.025,<,0.03,<,0.06,<,0.08,<,5.4,<,7.8,<,2,<,0.38,<,0.2,<,2.6,<,0.08,<,0.03,<,0.38,<,0.8,<,0.08,<,0.4,<,1.8,<,0.032,<,4.4,<,0.028,<,0.2,<,0.022,<,0.08,<,0.01,<,0.054,<,0.032
SURFPAS1-31,11/19/2019,900,<,0.24,<,0.2,<,0.025,<,0.12,,0.3,<,0.05,<,0.044,,,<,0.068,<,2.4,<,1.4,<,5.2,<,0.04,<,0.03,<,0.046,<,0.044,<,0.025,<,0.006,<,0.08,<,0.02,<,0.004,<,0.028,<,0.08,<,0.004,<,0.026,<,0.06,<,0.034,<,0.2,<,0.2,,0.064,<,0.1,<,0.12,<,0.036,<,0.26,<,0.036,<,0.034,<,0.042,<,0.3,<,0.058,<,0.06,n,0.015,<,0.1,<,0.14,,0.039,<,0.03,<,0.06,<,0.08,<,5.4,<,7.8,<,2,<,0.38,<,0.2,<,2.6,<,0.08,<,0.03,<,0.38,<,0.8,<,0.08,<,0.4,<,1.8,<,0.032,<,4.4,<,0.028,<,0.2,<,0.022,<,0.08,<,0.01,<,0.054,<,0.032
SURFPAS1-32,11/19/2019,1300,<,0.24,<,0.2,<,0.025,<,0.12,,0.17,<,0.05,<,0.044,,,<,0.068,<,2.4,<,1.4,<,5.2,<,0.04,<,0.03,<,0.046,<,0.044,<,0.025,<,0.006,<,0.08,<,0.02,<,0.004,<,0.028,<,0.08,<,0.004,<,0.026,<,0.06,<,0.034,<,0.2,<,0.2,<,0.025,<,0.1,<,0.12,<,0.036,<,0.26,<,0.036,<,0.034,<,0.042,<,0.3,<,0.058,<,0.06,<,0.025,<,0.1,<,0.14,<,0.025,<,0.03,<,0.06,<,0.08,<,5.4,<,7.8,<,2,<,0.38,<,0.2,<,2.6,<,0.08,<,0.03,<,0.38,<,0.8,<,0.08,<,0.4,<,1.8,<,0.032,<,4.4,<,0.028,<,0.2,<,0.022,<,0.08,<,0.01,<,0.054,<,0.032
SURFPAS1-33,11/21/2019,900,<,0.24,<,0.2,<,0.025,<,0.12,<,0.04,<,0.05,<,0.044,,,<,0.068,<,2.4,<,1.4,<,5.2,<,0.04,<,0.03,<,0.046,<,0.044,<,0.025,<,0.006,<,0.08,<,0.02,<,0.004,<,0.028,<,0.08,<,0.004,<,0.026,<,0.06,<,0.034,<,0.2,<,0.2,<,0.025,<,0.1,<,0.12,<,0.036,<,0.26,<,0.036,<,0.034,<,0.042,<,0.3,<,0.058,<,0.06,<,0.025,<,0.1,<,0.14,<,0.025,<,0.03,<,0.06,<,0.08,<,5.4,<,7.8,<,2,<,0.38,<,0.2,<,2.6,<,0.08,<,0.03,<,0.38,<,0.8,<,0.08,<,0.4,<,1.8,<,0.032,<,4.4,<,0.028,<,0.2,<,0.022,t,0.025,<,0.01,<,0.054,<,0.032
SURFPAS1-34,11/20/2019,900,<,0.24,<,0.2,<,0.025,<,0.12,n,0.02,<,0.05,<,0.044,,,<,0.068,<,2.4,<,1.4,<,5.2,<,0.04,<,0.03,<,0.046,<,0.044,<,0.025,<,0.006,<,0.08,<,0.02,<,0.004,<,0.028,<,0.08,<,0.004,<,0.026,<,0.06,<,0.034,<,0.2,<,0.2,<,0.025,<,0.1,<,0.12,<,0.036,<,0.26,<,0.036,<,0.034,<,0.042,<,0.01,<,0.058,<,0.06,<,0.025,<,0.1,<,0.14,<,0.025,<,0.03,<,0.06,<,0.08,<,5.4,<,7.8,<,2,<,0.38,<,0.14,<,2.6,<,0.08,<,0.03,<,0.38,<,0.8,<,0.08,<,0.4,<,1.8,<,0.032,<,4.4,<,0.028,<,0.2,<,0.022,<,0.08,<,0.01,<,0.054,<,0.032
SURFPAS1-35,11/20/2019,1300,<,0.24,<,0.2,<,0.025,<,0.12,<,0.04,<,0.05,<,0.044,,,<,0.068,<,2.4,<,1.4,<,5.2,<,0.04,<,0.03,<,0.046,<,0.044,<,0.025,<,0.006,<,0.08,<,0.02,<,0.004,<,0.028,<,0.08,<,0.004,<,0.026,<,0.06,<,0.034,<,0.2,<,0.2,<,0.025,<,0.1,<,0.12,<,0.036,<,0.26,<,0.036,<,0.034,<,0.042,<,0.01,<,0.058,<,0.06,<,0.025,<,0.1,<,0.14,<,0.025,<,0.03,<,0.06,<,0.08,<,5.4,<,7.8,<,2,<,0.38,<,0.2,<,2.6,<,0.08,<,0.03,<,0.38,<,0.8,<,0.08,<,0.4,<,1.8,<,0.032,<,4.4,<,0.028,<,0.2,<,0.022,<,0.08,<,0.01,<,0.054,<,0.032
SURFPAS1-36,11/21/2019,1400,<,0.24,<,0.2,<,0.025,<,0.12,<,0.04,t,0.01,<,0.044,,,<,0.068,<,2.4,<,1.4,<,5.2,<,0.04,<,0.03,<,0.046,<,0.044,<,0.025,<,0.006,<,0.08,<,0.02,<,0.004,<,0.028,<,0.08,<,0.004,<,0.026,<,0.06,<,0.034,<,0.2,<,0.2,<,0.025,<,0.1,<,0.12,<,0.036,<,0.26,<,0.036,<,0.034,<,0.042,<,0.01,<,0.058,<,0.06,<,0.025,<,0.1,<,0.14,<,0.025,<,0.03,<,0.06,<,0.08,<,5.4,<,7.8,<,2,<,0.38,<,0.2,<,2.6,<,0.08,<,0.03,<,0.38,<,0.8,<,0.08,<,0.4,<,1.8,<,0.032,<,4.4,<,0.028,<,0.2,<,0.022,<,0.08,<,0.01,<,0.054,<,0.032
SURFPAS1-37,9/24/2019,1400,<,0.24,<,0.2,<,0.025,<,0.12,<,0.04,<,0.05,<,0.044,,,<,0.068,<,2.4,<,1.4,<,5.2,<,0.04,<,0.03,<,0.046,<,0.044,<,0.025,<,0.006,<,0.08,<,0.02,<,0.004,<,0.028,<,0.08,<,0.004,<,0.026,<,0.06,<,0.034,<,0.2,<,4.3,<,0.025,<,0.1,<,0.12,<,0.036,<,0.26,<,0.036,<,0.034,<,0.042,<,0.01,<,0.058,<,0.06,<,0.025,<,0.1,<,0.14,<,0.025,<,0.03,<,0.06,<,0.08,<,5.4,<,7.8,<,2,<,0.38,<,1.0,<,2.6,<,0.08,<,0.03,<,0.38,<,0.8,<,1.05,<,0.4,<,1.8,<,0.032,<,4.4,<,0.028,<,0.2,<,0.022,<,0.08,<,0.01,<,0.054,<,0.032
SURFPAS1-38,9/25/2019,1330,<,0.24,<,0.2,<,0.025,<,0.12,<,0.04,<,0.05,<,0.044,,,<,0.068,<,2.4,<,1.4,<,5.2,<,0.04,<,0.03,<,0.046,<,0.044,<,0.025,<,0.006,<,0.08,<,0.02,<,0.004,<,0.028,<,0.08,<,0.004,<,0.026,<,0.06,<,0.034,<,0.2,<,0.7,<,0.025,<,0.1,<,0.12,<,0.036,<,0.26,<,0.036,<,0.034,<,0.042,<,0.01,<,0.058,<,0.06,<,0.025,<,0.1,<,0.14,<,0.025,<,0.03,<,0.06,<,0.08,<,5.4,<,7.8,<,2,<,0.38,<,1.0,<,2.6,<,0.08,<,0.03,<,0.38,<,0.8,<,0.08,<,0.4,<,1.8,<,0.032,<,4.4,<,0.028,<,0.2,<,0.022,<,0.08,<,0.01,<,0.054,<,0.032
SURFPAS1-39,9/25/2019,1000,<,0.24,<,0.2,<,0.025,<,0.12,<,0.04,<,0.05,<,0.044,,,<,0.068,<,2.4,<,1.4,<,5.2,<,0.04,<,0.03,<,0.046,<,0.044,<,0.025,<,0.006,<,0.08,<,0.02,<,0.004,<,0.028,<,0.08,<,0.004,<,0.026,<,0.06,<,0.034,<,0.2,<,3.2,<,0.025,<,0.1,<,0.12,<,0.036,<,0.26,<,0.036,<,0.034,<,0.042,<,0.01,<,0.058,<,0.06,<,0.025,<,0.1,<,0.14,<,0.025,<,0.03,<,0.06,<,0.08,<,5.4,<,7.8,<,2,<,0.38,<,1.0,<,2.6,<,0.08,<,0.03,<,0.38,<,0.8,<,0.79,<,0.4,<,1.8,<,0.032,<,4.4,<,0.028,<,0.2,<,0.022,<,0.08,<,0.01,<,0.054,<,0.032
SURFPAS1-40,9/26/2019,930,<,0.24,<,0.2,<,0.025,<,0.12,<,0.04,<,0.05,<,0.044,,,<,0.068,<,2.4,<,1.4,<,5.2,<,0.04,<,0.03,<,0.046,<,0.044,<,0.025,<,0.006,<,0.08,<,0.02,<,0.004,<,0.028,<,0.08,<,0.004,<,0.026,<,0.06,<,0.034,<,0.2,<,2.0,<,0.025,<,0.1,<,0.12,<,0.036,<,0.26,<,0.036,<,0.034,<,0.042,<,0.01,<,0.058,<,0.06,<,0.025,<,0.1,<,0.14,<,0.025,<,0.03,<,0.06,<,0.08,<,5.4,<,7.8,<,2,<,0.38,<,1.0,<,2.6,<,0.08,<,0.03,<,0.38,<,0.8,<,0.545,<,0.4,<,1.8,<,0.032,<,4.4,<,0.028,<,0.2,<,0.022,<,0.08,<,0.01,<,0.054,<,0.032
SURFPAS1-41,9/18/2019,1300,<,0.24,<,0.2,<,0.025,<,0.12,<,0.04,<,0.05,<,0.044,<,10.0,<,0.068,<,2.4,<,1.4,<,6.2,<,0.04,<,0.03,<,0.046,<,0.044,<,0.025,<,0.006,<,0.08,<,0.02,<,0.004,<,0.028,<,0.08,<,0.004,<,0.026,<,0.06,<,0.034,<,0.2,<,0.2,<,0.025,<,0.1,<,0.12,<,0.036,<,0.26,<,0.036,<,0.034,<,0.042,<,0.01,<,0.058,<,0.06,<,0.025,<,0.1,<,0.14,<,0.025,<,0.03,<,0.06,<,0.08,<,5.4,<,7.8,<,2,<,0.38,<,0.14,<,2.6,<,0.08,<,0.03,<,0.38,<,0.8,<,0.08,<,0.9,<,1.8,<,0.032,<,4.4,<,0.028,<,0.2,<,0.022,<,0.08,<,0.01,<,0.054,<,0.032
SURFPAS1-42,11/14/2019,1300,<,0.24,<,0.2,<,0.025,<,0.12,<,0.04,<,0.05,<,0.044,,,<,0.068,<,2.4,<,1.4,<,5.2,<,0.04,<,0.03,<,0.046,<,0.044,<,0.025,<,0.006,<,0.08,<,0.02,<,0.004,<,0.028,<,0.08,<,0.004,<,0.026,<,0.06,<,0.034,<,0.2,<,0.2,<,0.025,<,0.1,<,0.12,<,0.036,<,0.26,<,0.036,<,0.034,<,0.042,<,0.01,<,0.058,<,0.06,<,0.025,<,0.1,<,0.14,<,0.025,<,0.03,<,0.06,<,0.08,<,5.4,<,7.8,<,2,<,0.38,,,<,2.6,<,0.08,<,0.03,<,0.38,<,0.8,<,0.08,<,0.4,<,1.8,<,0.032,<,4.4,<,0.028,<,0.2,<,0.022,<,0.08,<,0.01,<,0.054,<,0.032
SURFPAS1-44,8/27/2019,1300,<,0.24,<,0.2,<,0.025,<,0.12,<,0.04,<,0.05,<,0.044,<,10.0,<,0.068,<,2.4,<,1.4,<,6.2,<,0.04,<,0.03,<,0.046,<,0.044,<,0.025,<,0.006,<,0.08,<,0.02,<,0.004,<,0.028,<,0.08,<,0.004,<,0.026,<,0.06,<,0.034,<,0.2,<,0.2,<,0.025,<,0.1,<,0.12,<,0.036,<,0.26,<,0.036,<,0.034,<,0.042,<,0.01,<,0.058,<,0.06,<,0.025,<,0.1,<,0.14,<,0.025,<,0.03,<,0.06,<,0.08,<,5.4,<,7.8,<,2,<,0.38,<,0.14,<,2.6,<,0.08,<,0.03,<,0.38,<,0.8,<,0.08,<,0.9,<,1.8,<,0.032,<,4.4,<,0.028,<,0.2,<,0.022,<,0.08,<,0.01,<,0.054,<,0.032
SURFPAS1-45,9/17/2019,1300,<,0.24,<,0.2,<,0.025,<,0.12,<,0.04,<,0.05,<,0.044,<,10.0,<,0.068,<,2.4,<,1.4,<,6.2,<,0.04,<,0.03,<,0.046,<,0.044,<,0.025,<,0.006,<,0.08,<,0.02,<,0.004,<,0.028,<,0.08,<,0.004,<,0.026,<,0.06,<,0.034,<,0.2,<,0.2,<,0.025,<,0.1,<,0.12,<,0.036,<,0.26,<,0.036,<,0.034,<,0.042,<,0.01,<,0.058,<,0.06,<,0.025,<,0.1,<,0.14,<,0.025,<,0.03,<,0.06,<,0.08,<,5.4,<,7.8,<,2,<,0.38,<,0.14,<,2.6,<,0.08,<,0.03,<,0.38,<,0.8,<,0.08,<,0.9,<,1.8,<,0.032,<,4.4,<,0.028,<,0.2,<,0.022,<,0.08,<,0.01,<,0.054,<,0.032
SURFPAS1-U02,10/31/2019,1400,<,0.24,<,0.2,<,0.025,<,0.12,<,0.04,<,0.05,<,0.044,,,<,0.068,<,2.4,<,1.4,<,5.2,<,0.04,<,0.03,<,0.046,<,0.044,<,0.025,<,0.006,<,0.08,<,0.02,<,0.004,<,0.028,<,0.08,<,0.004,<,0.026,<,0.06,<,0.034,<,0.2,<,0.2,<,0.025,<,0.1,<,0.12,<,0.036,<,0.26,<,0.036,<,0.034,<,0.042,<,0.3,<,0.058,<,0.06,<,0.025,<,0.1,<,0.14,<,0.025,<,0.03,<,0.06,<,0.08,<,5.4,<,7.8,<,2,<,0.38,<,0.14,<,2.6,<,0.08,<,0.03,<,0.38,<,0.8,<,0.08,<,0.4,<,1.8,<,0.032,<,4.4,<,0.028,<,0.2,<,0.022,<,0.08,<,0.01,<,0.054,<,0.032
SURFPAS1-U03,11/12/2019,900,<,0.24,<,0.2,<,0.025,<,0.12,,0.2,<,0.05,<,0.044,,,<,0.068,<,2.4,<,1.4,<,5.2,<,0.04,<,0.03,<,0.046,<,0.044,<,0.025,<,0.006,<,0.08,<,0.02,<,0.004,<,0.028,<,0.08,<,0.004,<,0.026,<,0.06,<,0.034,<,0.2,<,0.2,<,0.025,<,0.1,<,0.12,<,0.036,<,0.26,<,0.036,<,0.034,<,0.042,<,0.3,<,0.058,<,0.06,<,0.025,<,0.1,<,0.14,<,0.025,<,0.03,<,0.06,<,0.08,<,5.4,<,7.8,<,2,<,0.38,,,<,2.6,<,0.08,<,0.03,<,0.38,<,0.8,<,0.08,<,0.4,<,1.8,<,0.032,<,4.4,<,0.028,<,0.2,<,0.022,<,0.08,<,0.01,<,0.054,<,0.032
SURFPAS1-U04,11/13/2019,1400,<,0.24,<,0.2,<,0.025,<,0.12,<,0.04,<,0.05,<,0.044,,,<,0.068,<,2.4,<,1.4,<,5.2,<,0.04,<,0.03,<,0.046,<,0.044,<,0.025,<,0.006,<,0.08,<,0.02,<,0.004,<,0.028,<,0.08,<,0.004,<,0.026,<,0.06,<,0.034,<,0.2,<,0.2,<,0.025,<,0.1,<,0.12,<,0.036,<,0.26,<,0.036,<,0.034,<,0.042,<,0.3,<,0.058,<,0.06,<,0.025,<,0.1,<,0.14,<,0.025,<,0.03,<,0.06,<,0.08,<,5.4,<,7.8,<,2,<,0.38,,,<,2.6,<,0.08,<,0.03,<,0.38,<,0.8,<,0.08,<,0.4,<,1.8,<,0.032,<,4.4,<,0.028,<,0.2,<,0.022,<,0.08,<,0.01,<,0.054,<,0.032
SURFPAS1-U05,11/13/2019,900,<,0.24,<,0.2,<,0.025,<,0.12,,0.05,<,0.05,<,0.044,,,<,0.068,<,2.4,<,1.4,<,5.2,<,0.04,<,0.03,<,0.046,<,0.044,<,0.025,<,0.006,<,0.08,<,0.02,<,0.004,<,0.028,<,0.08,<,0.0051,<,0.026,<,0.06,<,0.034,<,0.2,<,0.2,<,0.025,<,0.1,<,0.12,<,0.036,<,0.26,<,0.036,<,0.034,<,0.042,<,0.01,<,0.058,<,0.06,<,0.025,<,0.1,<,0.14,<,0.025,<,0.03,<,0.06,<,0.08,<,5.4,<,7.8,<,2,<,0.38,,,<,2.6,<,0.08,<,0.03,<,0.38,<,0.8,<,0.08,<,0.4,<,1.8,<,0.032,<,4.4,<,0.028,<,0.2,<,0.022,<,0.08,<,0.01,<,0.054,<,0.032
SURFPAS1-U06,11/14/2019,1000,<,0.24,<,0.2,<,0.025,<,0.12,,0.8,<,0.05,<,0.044,,,<,0.068,<,2.4,<,1.4,<,5.2,<,0.04,<,0.03,<,0.046,<,0.044,<,0.025,<,0.006,<,0.08,<,0.02,<,0.004,<,0.028,<,0.08,<,0.004,<,0.026,<,0.06,<,0.034,<,0.2,<,0.2,<,0.025,<,0.1,<,0.12,<,0.036,<,0.26,<,0.036,<,0.034,<,0.042,<,0.3,<,0.058,<,0.06,<,0.025,<,0.1,<,0.14,<,0.025,<,0.03,<,0.06,<,0.08,<,5.4,<,7.8,<,2,<,0.38,,,<,2.6,<,0.08,<,0.03,<,0.38,<,0.8,<,0.08,<,0.4,<,1.8,<,0.032,<,4.4,<,0.028,<,0.2,<,0.022,<,0.08,<,0.01,<,0.054,<,0.032
SURFPAS1-U07,11/11/2019,1500,<,0.24,<,0.2,<,0.025,<,0.12,<,0.04,<,0.05,<,0.044,,,<,0.068,<,2.4,<,1.4,<,5.2,<,0.04,<,0.03,<,0.046,<,0.044,<,0.025,<,0.006,<,0.08,<,0.02,<,0.004,<,0.028,<,0.08,<,0.004,<,0.026,<,0.06,<,0.034,<,0.2,<,0.2,<,0.025,<,0.1,<,0.12,<,0.036,<,0.26,<,0.036,<,0.034,<,0.042,<,0.3,<,0.058,<,0.06,<,0.025,<,0.1,<,0.14,<,0.025,<,0.03,<,0.06,<,0.08,<,5.4,<,7.8,<,2,<,0.38,,,<,2.6,<,0.08,<,0.03,<,0.38,<,0.8,<,0.08,<,0.4,<,1.8,<,0.032,<,4.4,<,0.028,<,0.2,<,0.022,<,0.08,<,0.01,<,0.054,<,0.032
SURFPAS1-U08,11/18/2019,1000,<,0.24,<,0.2,<,0.025,<,0.12,,0.41,<,0.05,<,0.044,,,<,0.068,<,2.4,<,1.4,<,5.2,<,0.04,<,0.03,<,0.046,<,0.044,<,0.025,<,0.006,<,0.08,<,0.02,<,0.004,<,0.028,<,0.08,<,0.004,<,0.026,<,0.06,<,0.034,<,0.2,<,0.2,<,0.025,<,0.1,<,0.12,<,0.036,<,0.26,<,0.036,<,0.034,<,0.042,<,0.3,<,0.058,<,0.06,<,0.025,<,0.1,<,0.14,<,0.025,<,0.03,<,0.06,<,0.08,<,5.4,<,7.8,<,2,<,0.38,,,<,2.6,<,0.08,<,0.03,<,0.38,<,0.8,<,0.08,<,0.4,<,1.8,<,0.032,<,4.4,<,0.028,<,0.2,<,0.022,<,0.08,<,0.01,<,0.054,<,0.032
SURFPAS1-U09,11/14/2019,1300,<,0.24,<,0.2,<,0.025,<,0.12,<,0.04,<,0.05,<,0.044,,,<,0.068,<,2.4,<,1.4,<,5.2,<,0.04,<,0.03,<,0.046,<,0.044,<,0.025,<,0.006,<,0.08,<,0.02,<,0.004,<,0.028,<,0.08,<,0.004,<,0.026,<,0.06,<,0.034,<,0.2,<,0.2,<,0.025,<,0.1,<,0.12,<,0.036,<,0.26,<,0.036,<,0.034,<,0.042,<,0.01,<,0.058,<,0.06,<,0.025,<,0.1,<,0.14,n,0.016,,0.35,<,0.06,<,0.08,<,5.4,<,7.8,<,2,<,0.38,,,<,2.6,<,0.08,<,0.03,<,0.38,<,0.8,<,0.08,<,0.4,<,1.8,<,0.032,<,4.4,<,0.028,<,0.2,<,0.022,<,0.08,<,0.01,<,0.054,<,0.032
SURFPAS1-U10,11/18/2019,1300,<,0.24,,1.47,<,0.025,<,0.12,n,0.04,<,0.05,<,0.044,,,<,0.068,<,2.4,<,1.4,<,5.2,<,0.04,<,0.03,<,0.046,t,0.013,,0.054,<,0.006,<,0.08,<,0.02,<,0.004,<,0.028,<,0.08,<,0.004,<,0.026,<,0.06,<,0.034,<,0.2,<,0.2,,0.282,<,0.1,<,0.12,<,0.036,<,0.26,<,0.036,<,0.034,<,0.042,<,0.3,<,0.058,<,0.06,<,0.025,<,0.1,<,0.14,t,0.011,<,0.03,<,0.06,<,0.08,<,5.4,<,7.8,<,2,<,0.38,,,<,2.6,<,0.08,<,0.03,<,0.38,<,0.8,<,0.08,<,0.4,<,1.8,<,0.032,<,4.4,<,0.028,<,0.2,<,0.022,<,0.08,<,0.01,<,0.054,<,0.032
SURFPAS1-U11,12/2/2019,1400,<,0.24,<,0.2,<,0.025,<,0.12,<,0.04,<,0.05,<,0.044,,,<,0.068,<,2.4,<,1.4,<,5.2,<,0.04,<,0.03,<,0.046,<,0.044,<,0.025,<,0.006,<,0.08,<,0.02,<,0.004,<,0.028,<,0.08,<,0.004,<,0.026,<,0.06,<,0.034,<,0.2,<,0.2,<,0.025,<,0.1,<,0.12,<,0.036,<,0.26,<,0.036,<,0.034,<,0.042,<,0.01,<,0.058,<,0.06,<,0.025,<,0.1,<,0.14,<,0.025,<,0.03,<,0.06,<,0.08,<,5.4,<,7.8,<,2,<,0.38,<,0.14,<,2.6,<,0.08,<,0.03,<,0.38,<,0.8,<,0.08,<,0.4,<,1.8,<,0.032,<,4.4,<,0.028,<,0.2,<,0.022,<,0.08,<,0.01,<,0.054,<,0.032
SURFPAS1-U12,11/21/2019,1200,<,0.24,<,0.2,<,0.025,<,0.12,,0.07,<,0.05,<,0.044,,,<,0.068,<,2.4,<,1.4,<,5.2,<,0.04,<,0.03,<,0.046,t,0.02,<,0.025,<,0.006,<,0.08,<,0.02,<,0.004,<,0.028,<,0.08,<,0.004,<,0.026,<,0.06,<,0.034,<,0.2,<,0.2,n,0.02,<,0.1,<,0.12,<,0.036,<,0.26,<,0.036,<,0.034,<,0.042,<,0.3,<,0.058,<,0.06,<,0.025,<,0.1,<,0.14,<,0.025,<,0.1,<,0.06,<,0.08,<,5.4,<,7.8,<,2,<,0.38,<,0.2,<,2.6,<,0.08,<,0.03,<,0.38,<,0.8,<,0.08,<,0.4,<,1.8,<,0.032,<,4.4,<,0.028,<,0.2,<,0.022,t,0.012,<,0.01,<,0.054,<,0.032
SURFPAS1-U14,9/24/2019,1000,<,0.24,<,0.2,<,0.025,<,0.12,<,0.04,<,0.05,<,0.044,,,<,0.068,<,2.4,<,1.4,<,5.2,<,0.04,<,0.03,<,0.046,<,0.044,<,0.025,<,0.006,<,0.08,<,0.02,<,0.004,<,0.028,<,0.08,<,0.004,<,0.026,<,0.06,<,0.034,<,0.2,<,7.1,<,0.025,<,0.1,<,0.12,<,0.036,<,0.26,<,0.036,<,0.034,<,0.042,<,0.01,<,0.058,<,0.06,<,0.025,<,0.1,<,0.14,<,0.025,<,0.03,<,0.06,<,0.08,<,5.4,<,7.8,<,2,<,0.38,<,1.0,<,2.6,<,0.08,<,0.03,<,0.38,<,0.8,<,1.79,<,0.4,<,1.8,<,0.032,<,4.4,<,0.028,<,0.2,<,0.022,<,0.08,<,0.01,<,0.054,<,0.032
